bin_age,temp_c
250.0,278.3155212402344
750.0,278.41285344904117
1250.0,278.3387079412287
1750.0,278.4083318536932
2250.0,278.26798872514206
2750.0,278.3909745649858
3250.0,278.39101118607954
3750.0,278.328662109375
4250.0,278.18997469815343
4750.0,278.2759610262784
5250.0,277.990634987571
5750.0,278.10412930575285
6250.0,277.9336092862216
6750.0,277.8598888050426
7250.0,277.7464677290483
7750.0,277.4524402965199
8250.0,276.4118485884233
8750.0,276.4308915571733
9250.0,276.24874766956674
9750.0,275.8885586825284
10250.0,275.1203374689276
10750.0,274.310722212358
11250.0,273.2758811257102
11750.0,271.90036177201705
12250.0,269.89353776411576
12750.0,269.89534190784804
13250.0,268.7842282381925
13750.0,266.78222711736504
14250.0,264.95227023037995
14750.0,262.8804532137784
