site_id,bin_age,temp_c
203.0,250.0,285.4185485839844
203.0,750.0,285.7247009277344
203.0,1250.0,285.6603088378906
203.0,1750.0,285.7271728515625
203.0,2250.0,285.6792297363281
203.0,2750.0,285.75067138671875
203.0,3250.0,285.65936279296875
203.0,3750.0,285.74468994140625
203.0,4250.0,285.70843505859375
203.0,4750.0,285.663818359375
203.0,5250.0,285.57421875
203.0,5750.0,285.5041809082031
203.0,6250.0,285.476318359375
203.0,6750.0,285.4211120605469
203.0,7250.0,285.42730712890625
203.0,7750.0,285.2886962890625
203.0,8250.0,284.9232482910156
203.0,8750.0,284.9388122558594
203.0,9250.0,284.72174072265625
203.0,9750.0,284.4085998535156
203.0,10250.0,284.0392150878906
203.0,10750.0,283.7486877441406
203.0,11250.0,283.2508239746094
203.0,11750.0,282.505615234375
203.0,12250.0,281.5465087890625
203.0,12750.0,281.6148986816406
203.0,13250.0,281.12969970703125
203.0,13750.0,279.4078063964844
203.0,14250.0,276.6705627441406
203.0,14750.0,276.19293212890625
254.0,250.0,277.27325439453125
254.0,750.0,277.42108154296875
254.0,1250.0,277.3334655761719
254.0,1750.0,277.35614013671875
254.0,2250.0,277.27459716796875
254.0,2750.0,277.3655090332031
254.0,3250.0,277.32855224609375
254.0,3750.0,277.34912109375
254.0,4250.0,277.1727600097656
254.0,4750.0,277.220947265625
254.0,5250.0,276.8973083496094
254.0,5750.0,276.96148681640625
254.0,6250.0,276.8535461425781
254.0,6750.0,276.7195129394531
254.0,7250.0,276.6445617675781
254.0,7750.0,276.38165283203125
254.0,8250.0,275.3553161621094
254.0,8750.0,275.518798828125
254.0,9250.0,275.2225646972656
254.0,9750.0,275.08575439453125
254.0,10250.0,274.0556335449219
254.0,10750.0,273.22491455078125
254.0,11250.0,272.0648193359375
254.0,11750.0,270.4905700683594
254.0,12250.0,268.0695495605469
254.0,12750.0,268.26812744140625
254.0,13250.0,266.3801574707031
254.0,13750.0,263.5617370605469
254.0,14250.0,260.6102600097656
254.0,14750.0,258.6794738769531
260.0,250.0,277.90911865234375
260.0,750.0,278.0477294921875
260.0,1250.0,277.95794677734375
260.0,1750.0,277.9544372558594
260.0,2250.0,277.8660888671875
260.0,2750.0,277.9519958496094
260.0,3250.0,277.94732666015625
260.0,3750.0,277.9256286621094
260.0,4250.0,277.74456787109375
260.0,4750.0,277.8019714355469
260.0,5250.0,277.5567932128906
260.0,5750.0,277.6257019042969
260.0,6250.0,277.4835510253906
260.0,6750.0,277.3547668457031
260.0,7250.0,277.2759704589844
260.0,7750.0,277.0049743652344
260.0,8250.0,275.800537109375
260.0,8750.0,276.05609130859375
260.0,9250.0,275.8543395996094
260.0,9750.0,275.64599609375
260.0,10250.0,274.6979675292969
260.0,10750.0,273.9134521484375
260.0,11250.0,272.7392578125
260.0,11750.0,271.1552734375
260.0,12250.0,268.85736083984375
260.0,12750.0,269.1911926269531
260.0,13250.0,267.69842529296875
260.0,13750.0,264.6623229980469
260.0,14250.0,261.9104919433594
260.0,14750.0,259.1448669433594
316.0,250.0,282.6041564941406
316.0,750.0,282.7197265625
316.0,1250.0,282.6318359375
316.0,1750.0,282.6696472167969
316.0,2250.0,282.58746337890625
316.0,2750.0,282.69329833984375
316.0,3250.0,282.63250732421875
316.0,3750.0,282.6622009277344
316.0,4250.0,282.5286560058594
316.0,4750.0,282.57196044921875
316.0,5250.0,282.3455505371094
316.0,5750.0,282.3935546875
316.0,6250.0,282.2723693847656
316.0,6750.0,282.176513671875
316.0,7250.0,282.1123352050781
316.0,7750.0,281.88525390625
316.0,8250.0,281.39837646484375
316.0,8750.0,281.425048828125
316.0,9250.0,281.219482421875
316.0,9750.0,281.0994567871094
316.0,10250.0,280.5890808105469
316.0,10750.0,280.2544860839844
316.0,11250.0,279.6328125
316.0,11750.0,278.54705810546875
316.0,12250.0,277.1171875
316.0,12750.0,277.36175537109375
316.0,13250.0,276.2742919921875
316.0,13750.0,274.2579345703125
316.0,14250.0,272.2330627441406
316.0,14750.0,271.94775390625
367.0,250.0,281.9375915527344
367.0,750.0,282.0777893066406
367.0,1250.0,282.04437255859375
367.0,1750.0,282.1434326171875
367.0,2250.0,281.98370361328125
367.0,2750.0,282.1609191894531
367.0,3250.0,282.05291748046875
367.0,3750.0,282.0988464355469
367.0,4250.0,282.0848693847656
367.0,4750.0,282.17877197265625
367.0,5250.0,281.9129333496094
367.0,5750.0,281.9633483886719
367.0,6250.0,281.84124755859375
367.0,6750.0,281.8037109375
367.0,7250.0,281.7630310058594
367.0,7750.0,281.667236328125
367.0,8250.0,281.4244384765625
367.0,8750.0,281.4084167480469
367.0,9250.0,281.36273193359375
367.0,9750.0,281.1817932128906
367.0,10250.0,280.8737487792969
367.0,10750.0,280.49542236328125
367.0,11250.0,279.93896484375
367.0,11750.0,279.1337585449219
367.0,12250.0,278.01654052734375
367.0,12750.0,277.9945068359375
367.0,13250.0,277.6539001464844
367.0,13750.0,276.15179443359375
367.0,14250.0,273.4942626953125
367.0,14750.0,272.84515380859375
490.0,250.0,278.0168151855469
490.0,750.0,278.1600341796875
490.0,1250.0,278.0653991699219
490.0,1750.0,278.1181640625
490.0,2250.0,277.97705078125
490.0,2750.0,278.1021423339844
490.0,3250.0,278.06842041015625
490.0,3750.0,278.078369140625
490.0,4250.0,277.9322814941406
490.0,4750.0,278.0375671386719
490.0,5250.0,277.65185546875
490.0,5750.0,277.6695251464844
490.0,6250.0,277.6309814453125
490.0,6750.0,277.55828857421875
490.0,7250.0,277.4578857421875
490.0,7750.0,277.18560791015625
490.0,8250.0,276.5208740234375
490.0,8750.0,276.6636657714844
490.0,9250.0,276.1514892578125
490.0,9750.0,275.6750183105469
490.0,10250.0,274.8339538574219
490.0,10750.0,273.9974365234375
490.0,11250.0,272.94366455078125
490.0,11750.0,271.5522766113281
490.0,12250.0,269.3114013671875
490.0,12750.0,269.12994384765625
490.0,13250.0,267.5159912109375
490.0,13750.0,265.4468078613281
490.0,14250.0,262.50701904296875
490.0,14750.0,261.082763671875
518.0,250.0,282.6041564941406
518.0,750.0,282.7197265625
518.0,1250.0,282.6318359375
518.0,1750.0,282.6696472167969
518.0,2250.0,282.58746337890625
518.0,2750.0,282.69329833984375
518.0,3250.0,282.63250732421875
518.0,3750.0,282.6622009277344
518.0,4250.0,282.5286560058594
518.0,4750.0,282.57196044921875
518.0,5250.0,282.3455505371094
518.0,5750.0,282.3935546875
518.0,6250.0,282.2723693847656
518.0,6750.0,282.176513671875
518.0,7250.0,282.1123352050781
518.0,7750.0,281.88525390625
518.0,8250.0,281.39837646484375
518.0,8750.0,281.425048828125
518.0,9250.0,281.219482421875
518.0,9750.0,281.0994567871094
518.0,10250.0,280.5890808105469
518.0,10750.0,280.2544860839844
518.0,11250.0,279.6328125
518.0,11750.0,278.54705810546875
518.0,12250.0,277.1171875
518.0,12750.0,277.36175537109375
518.0,13250.0,276.2742919921875
518.0,13750.0,274.2579345703125
518.0,14250.0,272.2330627441406
518.0,14750.0,271.94775390625
523.0,250.0,282.6041564941406
523.0,750.0,282.7197265625
523.0,1250.0,282.6318359375
523.0,1750.0,282.6696472167969
523.0,2250.0,282.58746337890625
523.0,2750.0,282.69329833984375
523.0,3250.0,282.63250732421875
523.0,3750.0,282.6622009277344
523.0,4250.0,282.5286560058594
523.0,4750.0,282.57196044921875
523.0,5250.0,282.3455505371094
523.0,5750.0,282.3935546875
523.0,6250.0,282.2723693847656
523.0,6750.0,282.176513671875
523.0,7250.0,282.1123352050781
523.0,7750.0,281.88525390625
523.0,8250.0,281.39837646484375
523.0,8750.0,281.425048828125
523.0,9250.0,281.219482421875
523.0,9750.0,281.0994567871094
523.0,10250.0,280.5890808105469
523.0,10750.0,280.2544860839844
523.0,11250.0,279.6328125
523.0,11750.0,278.54705810546875
523.0,12250.0,277.1171875
523.0,12750.0,277.36175537109375
523.0,13250.0,276.2742919921875
523.0,13750.0,274.2579345703125
523.0,14250.0,272.2330627441406
523.0,14750.0,271.94775390625
539.0,250.0,285.7762756347656
539.0,750.0,286.1084289550781
539.0,1250.0,286.0517578125
539.0,1750.0,286.14215087890625
539.0,2250.0,286.0455017089844
539.0,2750.0,286.15679931640625
539.0,3250.0,286.0587158203125
539.0,3750.0,286.15850830078125
539.0,4250.0,286.1299743652344
539.0,4750.0,286.12890625
539.0,5250.0,285.9634704589844
539.0,5750.0,285.9432373046875
539.0,6250.0,285.79376220703125
539.0,6750.0,285.7540588378906
539.0,7250.0,285.72393798828125
539.0,7750.0,285.5039978027344
539.0,8250.0,285.3427429199219
539.0,8750.0,285.25506591796875
539.0,9250.0,285.20465087890625
539.0,9750.0,284.96435546875
539.0,10250.0,284.5570068359375
539.0,10750.0,284.2042541503906
539.0,11250.0,283.8011169433594
539.0,11750.0,282.948486328125
539.0,12250.0,281.8996276855469
539.0,12750.0,282.0291442871094
539.0,13250.0,281.7152404785156
539.0,13750.0,280.0032043457031
539.0,14250.0,277.18206787109375
539.0,14750.0,276.2096252441406
679.0,250.0,278.0168151855469
679.0,750.0,278.1600341796875
679.0,1250.0,278.0653991699219
679.0,1750.0,278.1181640625
679.0,2250.0,277.97705078125
679.0,2750.0,278.1021423339844
679.0,3250.0,278.06842041015625
679.0,3750.0,278.078369140625
679.0,4250.0,277.9322814941406
679.0,4750.0,278.0375671386719
679.0,5250.0,277.65185546875
679.0,5750.0,277.6695251464844
679.0,6250.0,277.6309814453125
679.0,6750.0,277.55828857421875
679.0,7250.0,277.4578857421875
679.0,7750.0,277.18560791015625
679.0,8250.0,276.5208740234375
679.0,8750.0,276.6636657714844
679.0,9250.0,276.1514892578125
679.0,9750.0,275.6750183105469
679.0,10250.0,274.8339538574219
679.0,10750.0,273.9974365234375
679.0,11250.0,272.94366455078125
679.0,11750.0,271.5522766113281
679.0,12250.0,269.3114013671875
679.0,12750.0,269.12994384765625
679.0,13250.0,267.5159912109375
679.0,13750.0,265.4468078613281
679.0,14250.0,262.50701904296875
679.0,14750.0,261.082763671875
785.0,250.0,277.27325439453125
785.0,750.0,277.42108154296875
785.0,1250.0,277.3334655761719
785.0,1750.0,277.35614013671875
785.0,2250.0,277.27459716796875
785.0,2750.0,277.3655090332031
785.0,3250.0,277.32855224609375
785.0,3750.0,277.34912109375
785.0,4250.0,277.1727600097656
785.0,4750.0,277.220947265625
785.0,5250.0,276.8973083496094
785.0,5750.0,276.96148681640625
785.0,6250.0,276.8535461425781
785.0,6750.0,276.7195129394531
785.0,7250.0,276.6445617675781
785.0,7750.0,276.38165283203125
785.0,8250.0,275.3553161621094
785.0,8750.0,275.518798828125
785.0,9250.0,275.2225646972656
785.0,9750.0,275.08575439453125
785.0,10250.0,274.0556335449219
785.0,10750.0,273.22491455078125
785.0,11250.0,272.0648193359375
785.0,11750.0,270.4905700683594
785.0,12250.0,268.0695495605469
785.0,12750.0,268.26812744140625
785.0,13250.0,266.3801574707031
785.0,13750.0,263.5617370605469
785.0,14250.0,260.6102600097656
785.0,14750.0,258.6794738769531
805.0,250.0,277.3792419433594
805.0,750.0,277.5098571777344
805.0,1250.0,277.4250183105469
805.0,1750.0,277.47613525390625
805.0,2250.0,277.3730163574219
805.0,2750.0,277.47015380859375
805.0,3250.0,277.43011474609375
805.0,3750.0,277.4552917480469
805.0,4250.0,277.2889709472656
805.0,4750.0,277.3642578125
805.0,5250.0,276.9950256347656
805.0,5750.0,277.05218505859375
805.0,6250.0,276.9318542480469
805.0,6750.0,276.8276062011719
805.0,7250.0,276.7420959472656
805.0,7750.0,276.4770812988281
805.0,8250.0,275.6351318359375
805.0,8750.0,275.7819519042969
805.0,9250.0,275.4409484863281
805.0,9750.0,275.1693115234375
805.0,10250.0,274.16265869140625
805.0,10750.0,273.33941650390625
805.0,11250.0,272.2179870605469
805.0,11750.0,270.7038269042969
805.0,12250.0,268.3365173339844
805.0,12750.0,268.3278503417969
805.0,13250.0,266.4084167480469
805.0,13750.0,263.89154052734375
805.0,14250.0,260.8148498535156
805.0,14750.0,259.39105224609375
847.0,250.0,277.3792419433594
847.0,750.0,277.5098571777344
847.0,1250.0,277.4250183105469
847.0,1750.0,277.47613525390625
847.0,2250.0,277.3730163574219
847.0,2750.0,277.47015380859375
847.0,3250.0,277.43011474609375
847.0,3750.0,277.4552917480469
847.0,4250.0,277.2889709472656
847.0,4750.0,277.3642578125
847.0,5250.0,276.9950256347656
847.0,5750.0,277.05218505859375
847.0,6250.0,276.9318542480469
847.0,6750.0,276.8276062011719
847.0,7250.0,276.7420959472656
847.0,7750.0,276.4770812988281
847.0,8250.0,275.6351318359375
847.0,8750.0,275.7819519042969
847.0,9250.0,275.4409484863281
847.0,9750.0,275.1693115234375
847.0,10250.0,274.16265869140625
847.0,10750.0,273.33941650390625
847.0,11250.0,272.2179870605469
847.0,11750.0,270.7038269042969
847.0,12250.0,268.3365173339844
847.0,12750.0,268.3278503417969
847.0,13250.0,266.4084167480469
847.0,13750.0,263.89154052734375
847.0,14250.0,260.8148498535156
847.0,14750.0,259.39105224609375
860.0,250.0,278.0168151855469
860.0,750.0,278.1600341796875
860.0,1250.0,278.0653991699219
860.0,1750.0,278.1181640625
860.0,2250.0,277.97705078125
860.0,2750.0,278.1021423339844
860.0,3250.0,278.06842041015625
860.0,3750.0,278.078369140625
860.0,4250.0,277.9322814941406
860.0,4750.0,278.0375671386719
860.0,5250.0,277.65185546875
860.0,5750.0,277.6695251464844
860.0,6250.0,277.6309814453125
860.0,6750.0,277.55828857421875
860.0,7250.0,277.4578857421875
860.0,7750.0,277.18560791015625
860.0,8250.0,276.5208740234375
860.0,8750.0,276.6636657714844
860.0,9250.0,276.1514892578125
860.0,9750.0,275.6750183105469
860.0,10250.0,274.8339538574219
860.0,10750.0,273.9974365234375
860.0,11250.0,272.94366455078125
860.0,11750.0,271.5522766113281
860.0,12250.0,269.3114013671875
860.0,12750.0,269.12994384765625
860.0,13250.0,267.5159912109375
860.0,13750.0,265.4468078613281
860.0,14250.0,262.50701904296875
860.0,14750.0,261.082763671875
999.0,250.0,282.6041564941406
999.0,750.0,282.7197265625
999.0,1250.0,282.6318359375
999.0,1750.0,282.6696472167969
999.0,2250.0,282.58746337890625
999.0,2750.0,282.69329833984375
999.0,3250.0,282.63250732421875
999.0,3750.0,282.6622009277344
999.0,4250.0,282.5286560058594
999.0,4750.0,282.57196044921875
999.0,5250.0,282.3455505371094
999.0,5750.0,282.3935546875
999.0,6250.0,282.2723693847656
999.0,6750.0,282.176513671875
999.0,7250.0,282.1123352050781
999.0,7750.0,281.88525390625
999.0,8250.0,281.39837646484375
999.0,8750.0,281.425048828125
999.0,9250.0,281.219482421875
999.0,9750.0,281.0994567871094
999.0,10250.0,280.5890808105469
999.0,10750.0,280.2544860839844
999.0,11250.0,279.6328125
999.0,11750.0,278.54705810546875
999.0,12250.0,277.1171875
999.0,12750.0,277.36175537109375
999.0,13250.0,276.2742919921875
999.0,13750.0,274.2579345703125
999.0,14250.0,272.2330627441406
999.0,14750.0,271.94775390625
1004.0,250.0,278.79583740234375
1004.0,750.0,278.8914489746094
1004.0,1250.0,278.8817138671875
1004.0,1750.0,278.96392822265625
1004.0,2250.0,278.81671142578125
1004.0,2750.0,278.8929748535156
1004.0,3250.0,278.93145751953125
1004.0,3750.0,278.9338073730469
1004.0,4250.0,278.81597900390625
1004.0,4750.0,278.84527587890625
1004.0,5250.0,278.5650329589844
1004.0,5750.0,278.543701171875
1004.0,6250.0,278.5640563964844
1004.0,6750.0,278.4825439453125
1004.0,7250.0,278.437255859375
1004.0,7750.0,278.1776428222656
1004.0,8250.0,277.54803466796875
1004.0,8750.0,277.703125
1004.0,9250.0,277.3625183105469
1004.0,9750.0,276.79644775390625
1004.0,10250.0,276.03668212890625
1004.0,10750.0,275.03216552734375
1004.0,11250.0,273.97900390625
1004.0,11750.0,272.6351623535156
1004.0,12250.0,270.5216064453125
1004.0,12750.0,270.27374267578125
1004.0,13250.0,269.23968505859375
1004.0,13750.0,267.4367980957031
1004.0,14250.0,264.9654235839844
1004.0,14750.0,263.5613708496094
1153.0,250.0,274.5487976074219
1153.0,750.0,274.6329040527344
1153.0,1250.0,274.5480651855469
1153.0,1750.0,274.668212890625
1153.0,2250.0,274.47637939453125
1153.0,2750.0,274.6647644042969
1153.0,3250.0,274.6816711425781
1153.0,3750.0,274.5790710449219
1153.0,4250.0,274.49713134765625
1153.0,4750.0,274.6020202636719
1153.0,5250.0,274.3027038574219
1153.0,5750.0,274.40240478515625
1153.0,6250.0,274.2416076660156
1153.0,6750.0,274.20599365234375
1153.0,7250.0,274.1695251464844
1153.0,7750.0,273.8477478027344
1153.0,8250.0,273.56011962890625
1153.0,8750.0,273.55322265625
1153.0,9250.0,273.3197937011719
1153.0,9750.0,272.5734558105469
1153.0,10250.0,271.92620849609375
1153.0,10750.0,270.8702087402344
1153.0,11250.0,269.49530029296875
1153.0,11750.0,267.9760437011719
1153.0,12250.0,264.7021179199219
1153.0,12750.0,263.7915954589844
1153.0,13250.0,261.180908203125
1153.0,13750.0,259.4530029296875
1153.0,14250.0,257.0643005371094
1153.0,14750.0,255.87257385253906
1160.0,250.0,281.9942932128906
1160.0,750.0,282.23834228515625
1160.0,1250.0,282.1324157714844
1160.0,1750.0,282.30584716796875
1160.0,2250.0,282.18280029296875
1160.0,2750.0,282.29473876953125
1160.0,3250.0,282.20904541015625
1160.0,3750.0,282.28253173828125
1160.0,4250.0,282.2009582519531
1160.0,4750.0,282.2347717285156
1160.0,5250.0,281.94219970703125
1160.0,5750.0,282.0001220703125
1160.0,6250.0,281.9390869140625
1160.0,6750.0,281.8519287109375
1160.0,7250.0,281.7914733886719
1160.0,7750.0,281.4736633300781
1160.0,8250.0,281.1419677734375
1160.0,8750.0,281.1127014160156
1160.0,9250.0,280.8272705078125
1160.0,9750.0,280.5557556152344
1160.0,10250.0,280.0103759765625
1160.0,10750.0,279.5565490722656
1160.0,11250.0,278.9090576171875
1160.0,11750.0,277.9203186035156
1160.0,12250.0,276.3598327636719
1160.0,12750.0,276.33837890625
1160.0,13250.0,275.19232177734375
1160.0,13750.0,273.15179443359375
1160.0,14250.0,270.13226318359375
1160.0,14750.0,269.5990295410156
1448.0,250.0,278.0168151855469
1448.0,750.0,278.1600341796875
1448.0,1250.0,278.0653991699219
1448.0,1750.0,278.1181640625
1448.0,2250.0,277.97705078125
1448.0,2750.0,278.1021423339844
1448.0,3250.0,278.06842041015625
1448.0,3750.0,278.078369140625
1448.0,4250.0,277.9322814941406
1448.0,4750.0,278.0375671386719
1448.0,5250.0,277.65185546875
1448.0,5750.0,277.6695251464844
1448.0,6250.0,277.6309814453125
1448.0,6750.0,277.55828857421875
1448.0,7250.0,277.4578857421875
1448.0,7750.0,277.18560791015625
1448.0,8250.0,276.5208740234375
1448.0,8750.0,276.6636657714844
1448.0,9250.0,276.1514892578125
1448.0,9750.0,275.6750183105469
1448.0,10250.0,274.8339538574219
1448.0,10750.0,273.9974365234375
1448.0,11250.0,272.94366455078125
1448.0,11750.0,271.5522766113281
1448.0,12250.0,269.3114013671875
1448.0,12750.0,269.12994384765625
1448.0,13250.0,267.5159912109375
1448.0,13750.0,265.4468078613281
1448.0,14250.0,262.50701904296875
1448.0,14750.0,261.082763671875
1633.0,250.0,274.5487976074219
1633.0,750.0,274.6329040527344
1633.0,1250.0,274.5480651855469
1633.0,1750.0,274.668212890625
1633.0,2250.0,274.47637939453125
1633.0,2750.0,274.6647644042969
1633.0,3250.0,274.6816711425781
1633.0,3750.0,274.5790710449219
1633.0,4250.0,274.49713134765625
1633.0,4750.0,274.6020202636719
1633.0,5250.0,274.3027038574219
1633.0,5750.0,274.40240478515625
1633.0,6250.0,274.2416076660156
1633.0,6750.0,274.20599365234375
1633.0,7250.0,274.1695251464844
1633.0,7750.0,273.8477478027344
1633.0,8250.0,273.56011962890625
1633.0,8750.0,273.55322265625
1633.0,9250.0,273.3197937011719
1633.0,9750.0,272.5734558105469
1633.0,10250.0,271.92620849609375
1633.0,10750.0,270.8702087402344
1633.0,11250.0,269.49530029296875
1633.0,11750.0,267.9760437011719
1633.0,12250.0,264.7021179199219
1633.0,12750.0,263.7915954589844
1633.0,13250.0,261.180908203125
1633.0,13750.0,259.4530029296875
1633.0,14250.0,257.0643005371094
1633.0,14750.0,255.87257385253906
1643.0,250.0,273.9466552734375
1643.0,750.0,274.03436279296875
1643.0,1250.0,273.9195556640625
1643.0,1750.0,274.05853271484375
1643.0,2250.0,273.8844909667969
1643.0,2750.0,274.0369873046875
1643.0,3250.0,274.04644775390625
1643.0,3750.0,273.8914794921875
1643.0,4250.0,273.75823974609375
1643.0,4750.0,273.87017822265625
1643.0,5250.0,273.5479431152344
1643.0,5750.0,273.6569519042969
1643.0,6250.0,273.47900390625
1643.0,6750.0,273.4097900390625
1643.0,7250.0,273.36279296875
1643.0,7750.0,273.10247802734375
1643.0,8250.0,272.52880859375
1643.0,8750.0,272.5058288574219
1643.0,9250.0,272.1793212890625
1643.0,9750.0,271.36187744140625
1643.0,10250.0,270.30889892578125
1643.0,10750.0,268.9984436035156
1643.0,11250.0,267.3415832519531
1643.0,11750.0,265.3749084472656
1643.0,12250.0,262.1622619628906
1643.0,12750.0,261.50335693359375
1643.0,13250.0,259.2918395996094
1643.0,13750.0,257.557861328125
1643.0,14250.0,255.38145446777344
1643.0,14750.0,253.9678497314453
1824.0,250.0,279.1170959472656
1824.0,750.0,279.2373962402344
1824.0,1250.0,279.1925354003906
1824.0,1750.0,279.2748718261719
1824.0,2250.0,279.10546875
1824.0,2750.0,279.2820739746094
1824.0,3250.0,279.2304992675781
1824.0,3750.0,279.2739562988281
1824.0,4250.0,279.1805725097656
1824.0,4750.0,279.3134460449219
1824.0,5250.0,278.9219970703125
1824.0,5750.0,279.00372314453125
1824.0,6250.0,278.96258544921875
1824.0,6750.0,278.9176025390625
1824.0,7250.0,278.8598937988281
1824.0,7750.0,278.6507873535156
1824.0,8250.0,278.2560119628906
1824.0,8750.0,278.24755859375
1824.0,9250.0,278.0171813964844
1824.0,9750.0,277.52374267578125
1824.0,10250.0,277.1248779296875
1824.0,10750.0,276.3224182128906
1824.0,11250.0,274.99041748046875
1824.0,11750.0,273.8516540527344
1824.0,12250.0,271.8271789550781
1824.0,12750.0,271.4785461425781
1824.0,13250.0,270.57696533203125
1824.0,13750.0,269.149658203125
1824.0,14250.0,266.8661193847656
1824.0,14750.0,265.46636962890625
1961.0,250.0,279.2033386230469
1961.0,750.0,279.28466796875
1961.0,1250.0,279.18768310546875
1961.0,1750.0,279.1948547363281
1961.0,2250.0,279.11773681640625
1961.0,2750.0,279.1843566894531
1961.0,3250.0,279.1822814941406
1961.0,3750.0,279.1157531738281
1961.0,4250.0,278.9385986328125
1961.0,4750.0,278.9552001953125
1961.0,5250.0,278.6955871582031
1961.0,5750.0,278.7720947265625
1961.0,6250.0,278.5835876464844
1961.0,6750.0,278.463623046875
1961.0,7250.0,278.4021301269531
1961.0,7750.0,278.1127624511719
1961.0,8250.0,276.9856872558594
1961.0,8750.0,277.1227722167969
1961.0,9250.0,276.9107666015625
1961.0,9750.0,276.6869201660156
1961.0,10250.0,275.9404296875
1961.0,10750.0,275.25738525390625
1961.0,11250.0,274.1336669921875
1961.0,11750.0,272.64892578125
1961.0,12250.0,270.65289306640625
1961.0,12750.0,271.01141357421875
1961.0,13250.0,269.87957763671875
1961.0,13750.0,266.8354187011719
1961.0,14250.0,264.54901123046875
1961.0,14750.0,260.8324890136719
1966.0,250.0,274.5487976074219
1966.0,750.0,274.6329040527344
1966.0,1250.0,274.5480651855469
1966.0,1750.0,274.668212890625
1966.0,2250.0,274.47637939453125
1966.0,2750.0,274.6647644042969
1966.0,3250.0,274.6816711425781
1966.0,3750.0,274.5790710449219
1966.0,4250.0,274.49713134765625
1966.0,4750.0,274.6020202636719
1966.0,5250.0,274.3027038574219
1966.0,5750.0,274.40240478515625
1966.0,6250.0,274.2416076660156
1966.0,6750.0,274.20599365234375
1966.0,7250.0,274.1695251464844
1966.0,7750.0,273.8477478027344
1966.0,8250.0,273.56011962890625
1966.0,8750.0,273.55322265625
1966.0,9250.0,273.3197937011719
1966.0,9750.0,272.5734558105469
1966.0,10250.0,271.92620849609375
1966.0,10750.0,270.8702087402344
1966.0,11250.0,269.49530029296875
1966.0,11750.0,267.9760437011719
1966.0,12250.0,264.7021179199219
1966.0,12750.0,263.7915954589844
1966.0,13250.0,261.180908203125
1966.0,13750.0,259.4530029296875
1966.0,14250.0,257.0643005371094
1966.0,14750.0,255.87257385253906
2053.0,250.0,274.5487976074219
2053.0,750.0,274.6329040527344
2053.0,1250.0,274.5480651855469
2053.0,1750.0,274.668212890625
2053.0,2250.0,274.47637939453125
2053.0,2750.0,274.6647644042969
2053.0,3250.0,274.6816711425781
2053.0,3750.0,274.5790710449219
2053.0,4250.0,274.49713134765625
2053.0,4750.0,274.6020202636719
2053.0,5250.0,274.3027038574219
2053.0,5750.0,274.40240478515625
2053.0,6250.0,274.2416076660156
2053.0,6750.0,274.20599365234375
2053.0,7250.0,274.1695251464844
2053.0,7750.0,273.8477478027344
2053.0,8250.0,273.56011962890625
2053.0,8750.0,273.55322265625
2053.0,9250.0,273.3197937011719
2053.0,9750.0,272.5734558105469
2053.0,10250.0,271.92620849609375
2053.0,10750.0,270.8702087402344
2053.0,11250.0,269.49530029296875
2053.0,11750.0,267.9760437011719
2053.0,12250.0,264.7021179199219
2053.0,12750.0,263.7915954589844
2053.0,13250.0,261.180908203125
2053.0,13750.0,259.4530029296875
2053.0,14250.0,257.0643005371094
2053.0,14750.0,255.87257385253906
2385.0,250.0,281.7068786621094
2385.0,750.0,281.8893127441406
2385.0,1250.0,281.7987976074219
2385.0,1750.0,282.0504455566406
2385.0,2250.0,281.84423828125
2385.0,2750.0,281.9132995605469
2385.0,3250.0,281.84356689453125
2385.0,3750.0,281.9070739746094
2385.0,4250.0,281.7691650390625
2385.0,4750.0,281.81597900390625
2385.0,5250.0,281.540771484375
2385.0,5750.0,281.6156921386719
2385.0,6250.0,281.5242919921875
2385.0,6750.0,281.42694091796875
2385.0,7250.0,281.3567199707031
2385.0,7750.0,281.09735107421875
2385.0,8250.0,280.6454162597656
2385.0,8750.0,280.64892578125
2385.0,9250.0,280.38287353515625
2385.0,9750.0,280.1844482421875
2385.0,10250.0,279.62237548828125
2385.0,10750.0,279.2397155761719
2385.0,11250.0,278.6316223144531
2385.0,11750.0,277.5934753417969
2385.0,12250.0,276.0256652832031
2385.0,12750.0,276.1383972167969
2385.0,13250.0,274.60479736328125
2385.0,13750.0,272.604248046875
2385.0,14250.0,269.9268798828125
2385.0,14750.0,269.7776794433594
2586.0,250.0,273.2412414550781
2586.0,750.0,273.3528747558594
2586.0,1250.0,273.2206726074219
2586.0,1750.0,273.3448486328125
2586.0,2250.0,273.1872863769531
2586.0,2750.0,273.3104553222656
2586.0,3250.0,273.333251953125
2586.0,3750.0,273.1550598144531
2586.0,4250.0,272.97576904296875
2586.0,4750.0,273.0928039550781
2586.0,5250.0,272.7628173828125
2586.0,5750.0,272.8824157714844
2586.0,6250.0,272.6953430175781
2586.0,6750.0,272.5998840332031
2586.0,7250.0,272.52813720703125
2586.0,7750.0,272.2559509277344
2586.0,8250.0,271.3092041015625
2586.0,8750.0,271.2842102050781
2586.0,9250.0,271.0007019042969
2586.0,9750.0,270.29931640625
2586.0,10250.0,268.7900085449219
2586.0,10750.0,267.2190246582031
2586.0,11250.0,265.5932922363281
2586.0,11750.0,263.5975646972656
2586.0,12250.0,260.3025817871094
2586.0,12750.0,259.8417663574219
2586.0,13250.0,257.6496276855469
2586.0,13750.0,255.6505889892578
2586.0,14250.0,253.23756408691406
2586.0,14750.0,251.53660583496094
2623.0,250.0,285.5122985839844
2623.0,750.0,285.5882263183594
2623.0,1250.0,285.4757385253906
2623.0,1750.0,285.47979736328125
2623.0,2250.0,285.4428405761719
2623.0,2750.0,285.5264587402344
2623.0,3250.0,285.4775695800781
2623.0,3750.0,285.4998474121094
2623.0,4250.0,285.37615966796875
2623.0,4750.0,285.3810119628906
2623.0,5250.0,285.2016296386719
2623.0,5750.0,285.22216796875
2623.0,6250.0,285.0928649902344
2623.0,6750.0,284.9922790527344
2623.0,7250.0,284.9576416015625
2623.0,7750.0,284.7618713378906
2623.0,8250.0,284.2364501953125
2623.0,8750.0,284.2998352050781
2623.0,9250.0,284.1539001464844
2623.0,9750.0,284.0792541503906
2623.0,10250.0,283.66436767578125
2623.0,10750.0,283.36163330078125
2623.0,11250.0,282.7889404296875
2623.0,11750.0,281.7301025390625
2623.0,12250.0,280.51312255859375
2623.0,12750.0,280.83953857421875
2623.0,13250.0,280.1125183105469
2623.0,13750.0,278.36932373046875
2623.0,14250.0,276.6180725097656
2623.0,14750.0,275.6687316894531
2626.0,250.0,277.90911865234375
2626.0,750.0,278.0477294921875
2626.0,1250.0,277.95794677734375
2626.0,1750.0,277.9544372558594
2626.0,2250.0,277.8660888671875
2626.0,2750.0,277.9519958496094
2626.0,3250.0,277.94732666015625
2626.0,3750.0,277.9256286621094
2626.0,4250.0,277.74456787109375
2626.0,4750.0,277.8019714355469
2626.0,5250.0,277.5567932128906
2626.0,5750.0,277.6257019042969
2626.0,6250.0,277.4835510253906
2626.0,6750.0,277.3547668457031
2626.0,7250.0,277.2759704589844
2626.0,7750.0,277.0049743652344
2626.0,8250.0,275.800537109375
2626.0,8750.0,276.05609130859375
2626.0,9250.0,275.8543395996094
2626.0,9750.0,275.64599609375
2626.0,10250.0,274.6979675292969
2626.0,10750.0,273.9134521484375
2626.0,11250.0,272.7392578125
2626.0,11750.0,271.1552734375
2626.0,12250.0,268.85736083984375
2626.0,12750.0,269.1911926269531
2626.0,13250.0,267.69842529296875
2626.0,13750.0,264.6623229980469
2626.0,14250.0,261.9104919433594
2626.0,14750.0,259.1448669433594
2638.0,250.0,274.9388732910156
2638.0,750.0,275.0650634765625
2638.0,1250.0,275.0318298339844
2638.0,1750.0,275.11383056640625
2638.0,2250.0,274.9164733886719
2638.0,2750.0,275.0968322753906
2638.0,3250.0,275.1025390625
2638.0,3750.0,275.012451171875
2638.0,4250.0,275.0288391113281
2638.0,4750.0,275.08990478515625
2638.0,5250.0,274.84710693359375
2638.0,5750.0,274.9286804199219
2638.0,6250.0,274.80322265625
2638.0,6750.0,274.8008728027344
2638.0,7250.0,274.7874450683594
2638.0,7750.0,274.5464172363281
2638.0,8250.0,274.2752685546875
2638.0,8750.0,274.288330078125
2638.0,9250.0,274.2844543457031
2638.0,9750.0,273.79644775390625
2638.0,10250.0,273.2108459472656
2638.0,10750.0,272.50384521484375
2638.0,11250.0,271.608154296875
2638.0,11750.0,270.50799560546875
2638.0,12250.0,267.3524475097656
2638.0,12750.0,266.2514953613281
2638.0,13250.0,263.5186462402344
2638.0,13750.0,261.7084655761719
2638.0,14250.0,258.7301025390625
2638.0,14750.0,257.7955322265625
2888.0,250.0,274.5487976074219
2888.0,750.0,274.6329040527344
2888.0,1250.0,274.5480651855469
2888.0,1750.0,274.668212890625
2888.0,2250.0,274.47637939453125
2888.0,2750.0,274.6647644042969
2888.0,3250.0,274.6816711425781
2888.0,3750.0,274.5790710449219
2888.0,4250.0,274.49713134765625
2888.0,4750.0,274.6020202636719
2888.0,5250.0,274.3027038574219
2888.0,5750.0,274.40240478515625
2888.0,6250.0,274.2416076660156
2888.0,6750.0,274.20599365234375
2888.0,7250.0,274.1695251464844
2888.0,7750.0,273.8477478027344
2888.0,8250.0,273.56011962890625
2888.0,8750.0,273.55322265625
2888.0,9250.0,273.3197937011719
2888.0,9750.0,272.5734558105469
2888.0,10250.0,271.92620849609375
2888.0,10750.0,270.8702087402344
2888.0,11250.0,269.49530029296875
2888.0,11750.0,267.9760437011719
2888.0,12250.0,264.7021179199219
2888.0,12750.0,263.7915954589844
2888.0,13250.0,261.180908203125
2888.0,13750.0,259.4530029296875
2888.0,14250.0,257.0643005371094
2888.0,14750.0,255.87257385253906
2959.0,250.0,279.2033386230469
2959.0,750.0,279.28466796875
2959.0,1250.0,279.18768310546875
2959.0,1750.0,279.1948547363281
2959.0,2250.0,279.11773681640625
2959.0,2750.0,279.1843566894531
2959.0,3250.0,279.1822814941406
2959.0,3750.0,279.1157531738281
2959.0,4250.0,278.9385986328125
2959.0,4750.0,278.9552001953125
2959.0,5250.0,278.6955871582031
2959.0,5750.0,278.7720947265625
2959.0,6250.0,278.5835876464844
2959.0,6750.0,278.463623046875
2959.0,7250.0,278.4021301269531
2959.0,7750.0,278.1127624511719
2959.0,8250.0,276.9856872558594
2959.0,8750.0,277.1227722167969
2959.0,9250.0,276.9107666015625
2959.0,9750.0,276.6869201660156
2959.0,10250.0,275.9404296875
2959.0,10750.0,275.25738525390625
2959.0,11250.0,274.1336669921875
2959.0,11750.0,272.64892578125
2959.0,12250.0,270.65289306640625
2959.0,12750.0,271.01141357421875
2959.0,13250.0,269.87957763671875
2959.0,13750.0,266.8354187011719
2959.0,14250.0,264.54901123046875
2959.0,14750.0,260.8324890136719
2961.0,250.0,278.0168151855469
2961.0,750.0,278.1600341796875
2961.0,1250.0,278.0653991699219
2961.0,1750.0,278.1181640625
2961.0,2250.0,277.97705078125
2961.0,2750.0,278.1021423339844
2961.0,3250.0,278.06842041015625
2961.0,3750.0,278.078369140625
2961.0,4250.0,277.9322814941406
2961.0,4750.0,278.0375671386719
2961.0,5250.0,277.65185546875
2961.0,5750.0,277.6695251464844
2961.0,6250.0,277.6309814453125
2961.0,6750.0,277.55828857421875
2961.0,7250.0,277.4578857421875
2961.0,7750.0,277.18560791015625
2961.0,8250.0,276.5208740234375
2961.0,8750.0,276.6636657714844
2961.0,9250.0,276.1514892578125
2961.0,9750.0,275.6750183105469
2961.0,10250.0,274.8339538574219
2961.0,10750.0,273.9974365234375
2961.0,11250.0,272.94366455078125
2961.0,11750.0,271.5522766113281
2961.0,12250.0,269.3114013671875
2961.0,12750.0,269.12994384765625
2961.0,13250.0,267.5159912109375
2961.0,13750.0,265.4468078613281
2961.0,14250.0,262.50701904296875
2961.0,14750.0,261.082763671875
3031.0,250.0,274.5487976074219
3031.0,750.0,274.6329040527344
3031.0,1250.0,274.5480651855469
3031.0,1750.0,274.668212890625
3031.0,2250.0,274.47637939453125
3031.0,2750.0,274.6647644042969
3031.0,3250.0,274.6816711425781
3031.0,3750.0,274.5790710449219
3031.0,4250.0,274.49713134765625
3031.0,4750.0,274.6020202636719
3031.0,5250.0,274.3027038574219
3031.0,5750.0,274.40240478515625
3031.0,6250.0,274.2416076660156
3031.0,6750.0,274.20599365234375
3031.0,7250.0,274.1695251464844
3031.0,7750.0,273.8477478027344
3031.0,8250.0,273.56011962890625
3031.0,8750.0,273.55322265625
3031.0,9250.0,273.3197937011719
3031.0,9750.0,272.5734558105469
3031.0,10250.0,271.92620849609375
3031.0,10750.0,270.8702087402344
3031.0,11250.0,269.49530029296875
3031.0,11750.0,267.9760437011719
3031.0,12250.0,264.7021179199219
3031.0,12750.0,263.7915954589844
3031.0,13250.0,261.180908203125
3031.0,13750.0,259.4530029296875
3031.0,14250.0,257.0643005371094
3031.0,14750.0,255.87257385253906
3035.0,250.0,273.9466552734375
3035.0,750.0,274.03436279296875
3035.0,1250.0,273.9195556640625
3035.0,1750.0,274.05853271484375
3035.0,2250.0,273.8844909667969
3035.0,2750.0,274.0369873046875
3035.0,3250.0,274.04644775390625
3035.0,3750.0,273.8914794921875
3035.0,4250.0,273.75823974609375
3035.0,4750.0,273.87017822265625
3035.0,5250.0,273.5479431152344
3035.0,5750.0,273.6569519042969
3035.0,6250.0,273.47900390625
3035.0,6750.0,273.4097900390625
3035.0,7250.0,273.36279296875
3035.0,7750.0,273.10247802734375
3035.0,8250.0,272.52880859375
3035.0,8750.0,272.5058288574219
3035.0,9250.0,272.1793212890625
3035.0,9750.0,271.36187744140625
3035.0,10250.0,270.30889892578125
3035.0,10750.0,268.9984436035156
3035.0,11250.0,267.3415832519531
3035.0,11750.0,265.3749084472656
3035.0,12250.0,262.1622619628906
3035.0,12750.0,261.50335693359375
3035.0,13250.0,259.2918395996094
3035.0,13750.0,257.557861328125
3035.0,14250.0,255.38145446777344
3035.0,14750.0,253.9678497314453
3081.0,250.0,278.79583740234375
3081.0,750.0,278.8914489746094
3081.0,1250.0,278.8817138671875
3081.0,1750.0,278.96392822265625
3081.0,2250.0,278.81671142578125
3081.0,2750.0,278.8929748535156
3081.0,3250.0,278.93145751953125
3081.0,3750.0,278.9338073730469
3081.0,4250.0,278.81597900390625
3081.0,4750.0,278.84527587890625
3081.0,5250.0,278.5650329589844
3081.0,5750.0,278.543701171875
3081.0,6250.0,278.5640563964844
3081.0,6750.0,278.4825439453125
3081.0,7250.0,278.437255859375
3081.0,7750.0,278.1776428222656
3081.0,8250.0,277.54803466796875
3081.0,8750.0,277.703125
3081.0,9250.0,277.3625183105469
3081.0,9750.0,276.79644775390625
3081.0,10250.0,276.03668212890625
3081.0,10750.0,275.03216552734375
3081.0,11250.0,273.97900390625
3081.0,11750.0,272.6351623535156
3081.0,12250.0,270.5216064453125
3081.0,12750.0,270.27374267578125
3081.0,13250.0,269.23968505859375
3081.0,13750.0,267.4367980957031
3081.0,14250.0,264.9654235839844
3081.0,14750.0,263.5613708496094
3582.0,250.0,290.0087890625
3582.0,750.0,290.06475830078125
3582.0,1250.0,289.9752502441406
3582.0,1750.0,289.9971618652344
3582.0,2250.0,289.9684753417969
3582.0,2750.0,290.01702880859375
3582.0,3250.0,289.9731140136719
3582.0,3750.0,290.0072937011719
3582.0,4250.0,289.92474365234375
3582.0,4750.0,289.91064453125
3582.0,5250.0,289.7777099609375
3582.0,5750.0,289.8101501464844
3582.0,6250.0,289.69720458984375
3582.0,6750.0,289.6283264160156
3582.0,7250.0,289.5897521972656
3582.0,7750.0,289.4600524902344
3582.0,8250.0,289.16632080078125
3582.0,8750.0,289.1780090332031
3582.0,9250.0,289.0289611816406
3582.0,9750.0,288.9552001953125
3582.0,10250.0,288.6912536621094
3582.0,10750.0,288.52764892578125
3582.0,11250.0,288.1325378417969
3582.0,11750.0,287.4672546386719
3582.0,12250.0,286.8606872558594
3582.0,12750.0,286.9920349121094
3582.0,13250.0,286.56927490234375
3582.0,13750.0,285.6024169921875
3582.0,14250.0,284.5401306152344
3582.0,14750.0,284.51129150390625
3831.0,250.0,278.0168151855469
3831.0,750.0,278.1600341796875
3831.0,1250.0,278.0653991699219
3831.0,1750.0,278.1181640625
3831.0,2250.0,277.97705078125
3831.0,2750.0,278.1021423339844
3831.0,3250.0,278.06842041015625
3831.0,3750.0,278.078369140625
3831.0,4250.0,277.9322814941406
3831.0,4750.0,278.0375671386719
3831.0,5250.0,277.65185546875
3831.0,5750.0,277.6695251464844
3831.0,6250.0,277.6309814453125
3831.0,6750.0,277.55828857421875
3831.0,7250.0,277.4578857421875
3831.0,7750.0,277.18560791015625
3831.0,8250.0,276.5208740234375
3831.0,8750.0,276.6636657714844
3831.0,9250.0,276.1514892578125
3831.0,9750.0,275.6750183105469
3831.0,10250.0,274.8339538574219
3831.0,10750.0,273.9974365234375
3831.0,11250.0,272.94366455078125
3831.0,11750.0,271.5522766113281
3831.0,12250.0,269.3114013671875
3831.0,12750.0,269.12994384765625
3831.0,13250.0,267.5159912109375
3831.0,13750.0,265.4468078613281
3831.0,14250.0,262.50701904296875
3831.0,14750.0,261.082763671875
3840.0,250.0,285.6488952636719
3840.0,750.0,285.8645935058594
3840.0,1250.0,285.78155517578125
3840.0,1750.0,285.83209228515625
3840.0,2250.0,285.8359680175781
3840.0,2750.0,285.913818359375
3840.0,3250.0,285.79364013671875
3840.0,3750.0,285.8698425292969
3840.0,4250.0,285.8088684082031
3840.0,4750.0,285.7816467285156
3840.0,5250.0,285.5826110839844
3840.0,5750.0,285.6864318847656
3840.0,6250.0,285.632568359375
3840.0,6750.0,285.5691223144531
3840.0,7250.0,285.531494140625
3840.0,7750.0,285.3390808105469
3840.0,8250.0,285.1578063964844
3840.0,8750.0,284.9732666015625
3840.0,9250.0,284.9366149902344
3840.0,9750.0,284.68878173828125
3840.0,10250.0,284.3909606933594
3840.0,10750.0,284.0701904296875
3840.0,11250.0,283.5818786621094
3840.0,11750.0,282.805908203125
3840.0,12250.0,281.97076416015625
3840.0,12750.0,281.96405029296875
3840.0,13250.0,281.3106689453125
3840.0,13750.0,279.7934875488281
3840.0,14250.0,278.18499755859375
3840.0,14750.0,278.3803405761719
15136.0,250.0,274.9388732910156
15136.0,750.0,275.0650634765625
15136.0,1250.0,275.0318298339844
15136.0,1750.0,275.11383056640625
15136.0,2250.0,274.9164733886719
15136.0,2750.0,275.0968322753906
15136.0,3250.0,275.1025390625
15136.0,3750.0,275.012451171875
15136.0,4250.0,275.0288391113281
15136.0,4750.0,275.08990478515625
15136.0,5250.0,274.84710693359375
15136.0,5750.0,274.9286804199219
15136.0,6250.0,274.80322265625
15136.0,6750.0,274.8008728027344
15136.0,7250.0,274.7874450683594
15136.0,7750.0,274.5464172363281
15136.0,8250.0,274.2752685546875
15136.0,8750.0,274.288330078125
15136.0,9250.0,274.2844543457031
15136.0,9750.0,273.79644775390625
15136.0,10250.0,273.2108459472656
15136.0,10750.0,272.50384521484375
15136.0,11250.0,271.608154296875
15136.0,11750.0,270.50799560546875
15136.0,12250.0,267.3524475097656
15136.0,12750.0,266.2514953613281
15136.0,13250.0,263.5186462402344
15136.0,13750.0,261.7084655761719
15136.0,14250.0,258.7301025390625
15136.0,14750.0,257.7955322265625
15142.0,250.0,279.2033386230469
15142.0,750.0,279.28466796875
15142.0,1250.0,279.18768310546875
15142.0,1750.0,279.1948547363281
15142.0,2250.0,279.11773681640625
15142.0,2750.0,279.1843566894531
15142.0,3250.0,279.1822814941406
15142.0,3750.0,279.1157531738281
15142.0,4250.0,278.9385986328125
15142.0,4750.0,278.9552001953125
15142.0,5250.0,278.6955871582031
15142.0,5750.0,278.7720947265625
15142.0,6250.0,278.5835876464844
15142.0,6750.0,278.463623046875
15142.0,7250.0,278.4021301269531
15142.0,7750.0,278.1127624511719
15142.0,8250.0,276.9856872558594
15142.0,8750.0,277.1227722167969
15142.0,9250.0,276.9107666015625
15142.0,9750.0,276.6869201660156
15142.0,10250.0,275.9404296875
15142.0,10750.0,275.25738525390625
15142.0,11250.0,274.1336669921875
15142.0,11750.0,272.64892578125
15142.0,12250.0,270.65289306640625
15142.0,12750.0,271.01141357421875
15142.0,13250.0,269.87957763671875
15142.0,13750.0,266.8354187011719
15142.0,14250.0,264.54901123046875
15142.0,14750.0,260.8324890136719
15244.0,250.0,278.0168151855469
15244.0,750.0,278.1600341796875
15244.0,1250.0,278.0653991699219
15244.0,1750.0,278.1181640625
15244.0,2250.0,277.97705078125
15244.0,2750.0,278.1021423339844
15244.0,3250.0,278.06842041015625
15244.0,3750.0,278.078369140625
15244.0,4250.0,277.9322814941406
15244.0,4750.0,278.0375671386719
15244.0,5250.0,277.65185546875
15244.0,5750.0,277.6695251464844
15244.0,6250.0,277.6309814453125
15244.0,6750.0,277.55828857421875
15244.0,7250.0,277.4578857421875
15244.0,7750.0,277.18560791015625
15244.0,8250.0,276.5208740234375
15244.0,8750.0,276.6636657714844
15244.0,9250.0,276.1514892578125
15244.0,9750.0,275.6750183105469
15244.0,10250.0,274.8339538574219
15244.0,10750.0,273.9974365234375
15244.0,11250.0,272.94366455078125
15244.0,11750.0,271.5522766113281
15244.0,12250.0,269.3114013671875
15244.0,12750.0,269.12994384765625
15244.0,13250.0,267.5159912109375
15244.0,13750.0,265.4468078613281
15244.0,14250.0,262.50701904296875
15244.0,14750.0,261.082763671875
15286.0,250.0,269.8034362792969
15286.0,750.0,269.8765563964844
15286.0,1250.0,269.73883056640625
15286.0,1750.0,269.94287109375
15286.0,2250.0,269.734130859375
15286.0,2750.0,269.928466796875
15286.0,3250.0,270.020751953125
15286.0,3750.0,269.7847900390625
15286.0,4250.0,269.7723693847656
15286.0,4750.0,269.851806640625
15286.0,5250.0,269.58953857421875
15286.0,5750.0,269.70343017578125
15286.0,6250.0,269.49615478515625
15286.0,6750.0,269.5410461425781
15286.0,7250.0,269.5866394042969
15286.0,7750.0,269.3829345703125
15286.0,8250.0,268.7130126953125
15286.0,8750.0,268.69927978515625
15286.0,9250.0,268.6064453125
15286.0,9750.0,268.012451171875
15286.0,10250.0,266.6269226074219
15286.0,10750.0,264.8840026855469
15286.0,11250.0,263.15557861328125
15286.0,11750.0,261.3898620605469
15286.0,12250.0,257.30157470703125
15286.0,12750.0,256.506591796875
15286.0,13250.0,253.19052124023438
15286.0,13750.0,250.90615844726562
15286.0,14250.0,247.217041015625
15286.0,14750.0,246.1912078857422
15296.0,250.0,277.27325439453125
15296.0,750.0,277.42108154296875
15296.0,1250.0,277.3334655761719
15296.0,1750.0,277.35614013671875
15296.0,2250.0,277.27459716796875
15296.0,2750.0,277.3655090332031
15296.0,3250.0,277.32855224609375
15296.0,3750.0,277.34912109375
15296.0,4250.0,277.1727600097656
15296.0,4750.0,277.220947265625
15296.0,5250.0,276.8973083496094
15296.0,5750.0,276.96148681640625
15296.0,6250.0,276.8535461425781
15296.0,6750.0,276.7195129394531
15296.0,7250.0,276.6445617675781
15296.0,7750.0,276.38165283203125
15296.0,8250.0,275.3553161621094
15296.0,8750.0,275.518798828125
15296.0,9250.0,275.2225646972656
15296.0,9750.0,275.08575439453125
15296.0,10250.0,274.0556335449219
15296.0,10750.0,273.22491455078125
15296.0,11250.0,272.0648193359375
15296.0,11750.0,270.4905700683594
15296.0,12250.0,268.0695495605469
15296.0,12750.0,268.26812744140625
15296.0,13250.0,266.3801574707031
15296.0,13750.0,263.5617370605469
15296.0,14250.0,260.6102600097656
15296.0,14750.0,258.6794738769531
15350.0,250.0,277.90911865234375
15350.0,750.0,278.0477294921875
15350.0,1250.0,277.95794677734375
15350.0,1750.0,277.9544372558594
15350.0,2250.0,277.8660888671875
15350.0,2750.0,277.9519958496094
15350.0,3250.0,277.94732666015625
15350.0,3750.0,277.9256286621094
15350.0,4250.0,277.74456787109375
15350.0,4750.0,277.8019714355469
15350.0,5250.0,277.5567932128906
15350.0,5750.0,277.6257019042969
15350.0,6250.0,277.4835510253906
15350.0,6750.0,277.3547668457031
15350.0,7250.0,277.2759704589844
15350.0,7750.0,277.0049743652344
15350.0,8250.0,275.800537109375
15350.0,8750.0,276.05609130859375
15350.0,9250.0,275.8543395996094
15350.0,9750.0,275.64599609375
15350.0,10250.0,274.6979675292969
15350.0,10750.0,273.9134521484375
15350.0,11250.0,272.7392578125
15350.0,11750.0,271.1552734375
15350.0,12250.0,268.85736083984375
15350.0,12750.0,269.1911926269531
15350.0,13250.0,267.69842529296875
15350.0,13750.0,264.6623229980469
15350.0,14250.0,261.9104919433594
15350.0,14750.0,259.1448669433594
15796.0,250.0,273.46978759765625
15796.0,750.0,273.4676208496094
15796.0,1250.0,273.4521179199219
15796.0,1750.0,273.46380615234375
15796.0,2250.0,273.2360534667969
15796.0,2750.0,273.3822326660156
15796.0,3250.0,273.4252624511719
15796.0,3750.0,273.2869873046875
15796.0,4250.0,272.99725341796875
15796.0,4750.0,273.2056884765625
15796.0,5250.0,272.76910400390625
15796.0,5750.0,273.0116271972656
15796.0,6250.0,272.6988525390625
15796.0,6750.0,272.55938720703125
15796.0,7250.0,272.2192077636719
15796.0,7750.0,271.8204650878906
15796.0,8250.0,269.9947509765625
15796.0,8750.0,270.17303466796875
15796.0,9250.0,270.1459655761719
15796.0,9750.0,269.8259582519531
15796.0,10250.0,269.1642761230469
15796.0,10750.0,268.39862060546875
15796.0,11250.0,267.2605895996094
15796.0,11750.0,265.56182861328125
15796.0,12250.0,263.07830810546875
15796.0,12750.0,263.645751953125
15796.0,13250.0,263.2542419433594
15796.0,13750.0,260.8966064453125
15796.0,14250.0,261.47381591796875
15796.0,14750.0,256.7542419433594
15904.0,250.0,277.27325439453125
15904.0,750.0,277.42108154296875
15904.0,1250.0,277.3334655761719
15904.0,1750.0,277.35614013671875
15904.0,2250.0,277.27459716796875
15904.0,2750.0,277.3655090332031
15904.0,3250.0,277.32855224609375
15904.0,3750.0,277.34912109375
15904.0,4250.0,277.1727600097656
15904.0,4750.0,277.220947265625
15904.0,5250.0,276.8973083496094
15904.0,5750.0,276.96148681640625
15904.0,6250.0,276.8535461425781
15904.0,6750.0,276.7195129394531
15904.0,7250.0,276.6445617675781
15904.0,7750.0,276.38165283203125
15904.0,8250.0,275.3553161621094
15904.0,8750.0,275.518798828125
15904.0,9250.0,275.2225646972656
15904.0,9750.0,275.08575439453125
15904.0,10250.0,274.0556335449219
15904.0,10750.0,273.22491455078125
15904.0,11250.0,272.0648193359375
15904.0,11750.0,270.4905700683594
15904.0,12250.0,268.0695495605469
15904.0,12750.0,268.26812744140625
15904.0,13250.0,266.3801574707031
15904.0,13750.0,263.5617370605469
15904.0,14250.0,260.6102600097656
15904.0,14750.0,258.6794738769531
15982.0,250.0,272.4380798339844
15982.0,750.0,272.593505859375
15982.0,1250.0,272.4671936035156
15982.0,1750.0,272.5119934082031
15982.0,2250.0,272.3944091796875
15982.0,2750.0,272.5054016113281
15982.0,3250.0,272.5761413574219
15982.0,3750.0,272.4529724121094
15982.0,4250.0,272.2524108886719
15982.0,4750.0,272.3709716796875
15982.0,5250.0,272.06939697265625
15982.0,5750.0,272.2215881347656
15982.0,6250.0,272.03948974609375
15982.0,6750.0,271.9254455566406
15982.0,7250.0,271.814208984375
15982.0,7750.0,271.4743347167969
15982.0,8250.0,269.6395263671875
15982.0,8750.0,269.6349182128906
15982.0,9250.0,269.3471984863281
15982.0,9750.0,268.8997497558594
15982.0,10250.0,267.0812072753906
15982.0,10750.0,265.4875793457031
15982.0,11250.0,263.6262512207031
15982.0,11750.0,261.5227355957031
15982.0,12250.0,258.48712158203125
15982.0,12750.0,258.4588623046875
15982.0,13250.0,256.20733642578125
15982.0,13750.0,253.68011474609375
15982.0,14250.0,251.33505249023438
15982.0,14750.0,248.52268981933594
16081.0,250.0,273.46978759765625
16081.0,750.0,273.4676208496094
16081.0,1250.0,273.4521179199219
16081.0,1750.0,273.46380615234375
16081.0,2250.0,273.2360534667969
16081.0,2750.0,273.3822326660156
16081.0,3250.0,273.4252624511719
16081.0,3750.0,273.2869873046875
16081.0,4250.0,272.99725341796875
16081.0,4750.0,273.2056884765625
16081.0,5250.0,272.76910400390625
16081.0,5750.0,273.0116271972656
16081.0,6250.0,272.6988525390625
16081.0,6750.0,272.55938720703125
16081.0,7250.0,272.2192077636719
16081.0,7750.0,271.8204650878906
16081.0,8250.0,269.9947509765625
16081.0,8750.0,270.17303466796875
16081.0,9250.0,270.1459655761719
16081.0,9750.0,269.8259582519531
16081.0,10250.0,269.1642761230469
16081.0,10750.0,268.39862060546875
16081.0,11250.0,267.2605895996094
16081.0,11750.0,265.56182861328125
16081.0,12250.0,263.07830810546875
16081.0,12750.0,263.645751953125
16081.0,13250.0,263.2542419433594
16081.0,13750.0,260.8966064453125
16081.0,14250.0,261.47381591796875
16081.0,14750.0,256.7542419433594
16103.0,250.0,273.46978759765625
16103.0,750.0,273.4676208496094
16103.0,1250.0,273.4521179199219
16103.0,1750.0,273.46380615234375
16103.0,2250.0,273.2360534667969
16103.0,2750.0,273.3822326660156
16103.0,3250.0,273.4252624511719
16103.0,3750.0,273.2869873046875
16103.0,4250.0,272.99725341796875
16103.0,4750.0,273.2056884765625
16103.0,5250.0,272.76910400390625
16103.0,5750.0,273.0116271972656
16103.0,6250.0,272.6988525390625
16103.0,6750.0,272.55938720703125
16103.0,7250.0,272.2192077636719
16103.0,7750.0,271.8204650878906
16103.0,8250.0,269.9947509765625
16103.0,8750.0,270.17303466796875
16103.0,9250.0,270.1459655761719
16103.0,9750.0,269.8259582519531
16103.0,10250.0,269.1642761230469
16103.0,10750.0,268.39862060546875
16103.0,11250.0,267.2605895996094
16103.0,11750.0,265.56182861328125
16103.0,12250.0,263.07830810546875
16103.0,12750.0,263.645751953125
16103.0,13250.0,263.2542419433594
16103.0,13750.0,260.8966064453125
16103.0,14250.0,261.47381591796875
16103.0,14750.0,256.7542419433594
16129.0,250.0,278.79583740234375
16129.0,750.0,278.8914489746094
16129.0,1250.0,278.8817138671875
16129.0,1750.0,278.96392822265625
16129.0,2250.0,278.81671142578125
16129.0,2750.0,278.8929748535156
16129.0,3250.0,278.93145751953125
16129.0,3750.0,278.9338073730469
16129.0,4250.0,278.81597900390625
16129.0,4750.0,278.84527587890625
16129.0,5250.0,278.5650329589844
16129.0,5750.0,278.543701171875
16129.0,6250.0,278.5640563964844
16129.0,6750.0,278.4825439453125
16129.0,7250.0,278.437255859375
16129.0,7750.0,278.1776428222656
16129.0,8250.0,277.54803466796875
16129.0,8750.0,277.703125
16129.0,9250.0,277.3625183105469
16129.0,9750.0,276.79644775390625
16129.0,10250.0,276.03668212890625
16129.0,10750.0,275.03216552734375
16129.0,11250.0,273.97900390625
16129.0,11750.0,272.6351623535156
16129.0,12250.0,270.5216064453125
16129.0,12750.0,270.27374267578125
16129.0,13250.0,269.23968505859375
16129.0,13750.0,267.4367980957031
16129.0,14250.0,264.9654235839844
16129.0,14750.0,263.5613708496094
16175.0,250.0,277.90911865234375
16175.0,750.0,278.0477294921875
16175.0,1250.0,277.95794677734375
16175.0,1750.0,277.9544372558594
16175.0,2250.0,277.8660888671875
16175.0,2750.0,277.9519958496094
16175.0,3250.0,277.94732666015625
16175.0,3750.0,277.9256286621094
16175.0,4250.0,277.74456787109375
16175.0,4750.0,277.8019714355469
16175.0,5250.0,277.5567932128906
16175.0,5750.0,277.6257019042969
16175.0,6250.0,277.4835510253906
16175.0,6750.0,277.3547668457031
16175.0,7250.0,277.2759704589844
16175.0,7750.0,277.0049743652344
16175.0,8250.0,275.800537109375
16175.0,8750.0,276.05609130859375
16175.0,9250.0,275.8543395996094
16175.0,9750.0,275.64599609375
16175.0,10250.0,274.6979675292969
16175.0,10750.0,273.9134521484375
16175.0,11250.0,272.7392578125
16175.0,11750.0,271.1552734375
16175.0,12250.0,268.85736083984375
16175.0,12750.0,269.1911926269531
16175.0,13250.0,267.69842529296875
16175.0,13750.0,264.6623229980469
16175.0,14250.0,261.9104919433594
16175.0,14750.0,259.1448669433594
16181.0,250.0,277.90911865234375
16181.0,750.0,278.0477294921875
16181.0,1250.0,277.95794677734375
16181.0,1750.0,277.9544372558594
16181.0,2250.0,277.8660888671875
16181.0,2750.0,277.9519958496094
16181.0,3250.0,277.94732666015625
16181.0,3750.0,277.9256286621094
16181.0,4250.0,277.74456787109375
16181.0,4750.0,277.8019714355469
16181.0,5250.0,277.5567932128906
16181.0,5750.0,277.6257019042969
16181.0,6250.0,277.4835510253906
16181.0,6750.0,277.3547668457031
16181.0,7250.0,277.2759704589844
16181.0,7750.0,277.0049743652344
16181.0,8250.0,275.800537109375
16181.0,8750.0,276.05609130859375
16181.0,9250.0,275.8543395996094
16181.0,9750.0,275.64599609375
16181.0,10250.0,274.6979675292969
16181.0,10750.0,273.9134521484375
16181.0,11250.0,272.7392578125
16181.0,11750.0,271.1552734375
16181.0,12250.0,268.85736083984375
16181.0,12750.0,269.1911926269531
16181.0,13250.0,267.69842529296875
16181.0,13750.0,264.6623229980469
16181.0,14250.0,261.9104919433594
16181.0,14750.0,259.1448669433594
16273.0,250.0,277.27325439453125
16273.0,750.0,277.42108154296875
16273.0,1250.0,277.3334655761719
16273.0,1750.0,277.35614013671875
16273.0,2250.0,277.27459716796875
16273.0,2750.0,277.3655090332031
16273.0,3250.0,277.32855224609375
16273.0,3750.0,277.34912109375
16273.0,4250.0,277.1727600097656
16273.0,4750.0,277.220947265625
16273.0,5250.0,276.8973083496094
16273.0,5750.0,276.96148681640625
16273.0,6250.0,276.8535461425781
16273.0,6750.0,276.7195129394531
16273.0,7250.0,276.6445617675781
16273.0,7750.0,276.38165283203125
16273.0,8250.0,275.3553161621094
16273.0,8750.0,275.518798828125
16273.0,9250.0,275.2225646972656
16273.0,9750.0,275.08575439453125
16273.0,10250.0,274.0556335449219
16273.0,10750.0,273.22491455078125
16273.0,11250.0,272.0648193359375
16273.0,11750.0,270.4905700683594
16273.0,12250.0,268.0695495605469
16273.0,12750.0,268.26812744140625
16273.0,13250.0,266.3801574707031
16273.0,13750.0,263.5617370605469
16273.0,14250.0,260.6102600097656
16273.0,14750.0,258.6794738769531
16278.0,250.0,277.27325439453125
16278.0,750.0,277.42108154296875
16278.0,1250.0,277.3334655761719
16278.0,1750.0,277.35614013671875
16278.0,2250.0,277.27459716796875
16278.0,2750.0,277.3655090332031
16278.0,3250.0,277.32855224609375
16278.0,3750.0,277.34912109375
16278.0,4250.0,277.1727600097656
16278.0,4750.0,277.220947265625
16278.0,5250.0,276.8973083496094
16278.0,5750.0,276.96148681640625
16278.0,6250.0,276.8535461425781
16278.0,6750.0,276.7195129394531
16278.0,7250.0,276.6445617675781
16278.0,7750.0,276.38165283203125
16278.0,8250.0,275.3553161621094
16278.0,8750.0,275.518798828125
16278.0,9250.0,275.2225646972656
16278.0,9750.0,275.08575439453125
16278.0,10250.0,274.0556335449219
16278.0,10750.0,273.22491455078125
16278.0,11250.0,272.0648193359375
16278.0,11750.0,270.4905700683594
16278.0,12250.0,268.0695495605469
16278.0,12750.0,268.26812744140625
16278.0,13250.0,266.3801574707031
16278.0,13750.0,263.5617370605469
16278.0,14250.0,260.6102600097656
16278.0,14750.0,258.6794738769531
17672.0,250.0,277.27325439453125
17672.0,750.0,277.42108154296875
17672.0,1250.0,277.3334655761719
17672.0,1750.0,277.35614013671875
17672.0,2250.0,277.27459716796875
17672.0,2750.0,277.3655090332031
17672.0,3250.0,277.32855224609375
17672.0,3750.0,277.34912109375
17672.0,4250.0,277.1727600097656
17672.0,4750.0,277.220947265625
17672.0,5250.0,276.8973083496094
17672.0,5750.0,276.96148681640625
17672.0,6250.0,276.8535461425781
17672.0,6750.0,276.7195129394531
17672.0,7250.0,276.6445617675781
17672.0,7750.0,276.38165283203125
17672.0,8250.0,275.3553161621094
17672.0,8750.0,275.518798828125
17672.0,9250.0,275.2225646972656
17672.0,9750.0,275.08575439453125
17672.0,10250.0,274.0556335449219
17672.0,10750.0,273.22491455078125
17672.0,11250.0,272.0648193359375
17672.0,11750.0,270.4905700683594
17672.0,12250.0,268.0695495605469
17672.0,12750.0,268.26812744140625
17672.0,13250.0,266.3801574707031
17672.0,13750.0,263.5617370605469
17672.0,14250.0,260.6102600097656
17672.0,14750.0,258.6794738769531
17880.0,250.0,279.2033386230469
17880.0,750.0,279.28466796875
17880.0,1250.0,279.18768310546875
17880.0,1750.0,279.1948547363281
17880.0,2250.0,279.11773681640625
17880.0,2750.0,279.1843566894531
17880.0,3250.0,279.1822814941406
17880.0,3750.0,279.1157531738281
17880.0,4250.0,278.9385986328125
17880.0,4750.0,278.9552001953125
17880.0,5250.0,278.6955871582031
17880.0,5750.0,278.7720947265625
17880.0,6250.0,278.5835876464844
17880.0,6750.0,278.463623046875
17880.0,7250.0,278.4021301269531
17880.0,7750.0,278.1127624511719
17880.0,8250.0,276.9856872558594
17880.0,8750.0,277.1227722167969
17880.0,9250.0,276.9107666015625
17880.0,9750.0,276.6869201660156
17880.0,10250.0,275.9404296875
17880.0,10750.0,275.25738525390625
17880.0,11250.0,274.1336669921875
17880.0,11750.0,272.64892578125
17880.0,12250.0,270.65289306640625
17880.0,12750.0,271.01141357421875
17880.0,13250.0,269.87957763671875
17880.0,13750.0,266.8354187011719
17880.0,14250.0,264.54901123046875
17880.0,14750.0,260.8324890136719
19937.0,250.0,278.0168151855469
19937.0,750.0,278.1600341796875
19937.0,1250.0,278.0653991699219
19937.0,1750.0,278.1181640625
19937.0,2250.0,277.97705078125
19937.0,2750.0,278.1021423339844
19937.0,3250.0,278.06842041015625
19937.0,3750.0,278.078369140625
19937.0,4250.0,277.9322814941406
19937.0,4750.0,278.0375671386719
19937.0,5250.0,277.65185546875
19937.0,5750.0,277.6695251464844
19937.0,6250.0,277.6309814453125
19937.0,6750.0,277.55828857421875
19937.0,7250.0,277.4578857421875
19937.0,7750.0,277.18560791015625
19937.0,8250.0,276.5208740234375
19937.0,8750.0,276.6636657714844
19937.0,9250.0,276.1514892578125
19937.0,9750.0,275.6750183105469
19937.0,10250.0,274.8339538574219
19937.0,10750.0,273.9974365234375
19937.0,11250.0,272.94366455078125
19937.0,11750.0,271.5522766113281
19937.0,12250.0,269.3114013671875
19937.0,12750.0,269.12994384765625
19937.0,13250.0,267.5159912109375
19937.0,13750.0,265.4468078613281
19937.0,14250.0,262.50701904296875
19937.0,14750.0,261.082763671875
20515.0,250.0,277.90911865234375
20515.0,750.0,278.0477294921875
20515.0,1250.0,277.95794677734375
20515.0,1750.0,277.9544372558594
20515.0,2250.0,277.8660888671875
20515.0,2750.0,277.9519958496094
20515.0,3250.0,277.94732666015625
20515.0,3750.0,277.9256286621094
20515.0,4250.0,277.74456787109375
20515.0,4750.0,277.8019714355469
20515.0,5250.0,277.5567932128906
20515.0,5750.0,277.6257019042969
20515.0,6250.0,277.4835510253906
20515.0,6750.0,277.3547668457031
20515.0,7250.0,277.2759704589844
20515.0,7750.0,277.0049743652344
20515.0,8250.0,275.800537109375
20515.0,8750.0,276.05609130859375
20515.0,9250.0,275.8543395996094
20515.0,9750.0,275.64599609375
20515.0,10250.0,274.6979675292969
20515.0,10750.0,273.9134521484375
20515.0,11250.0,272.7392578125
20515.0,11750.0,271.1552734375
20515.0,12250.0,268.85736083984375
20515.0,12750.0,269.1911926269531
20515.0,13250.0,267.69842529296875
20515.0,13750.0,264.6623229980469
20515.0,14250.0,261.9104919433594
20515.0,14750.0,259.1448669433594
39474.0,250.0,272.73785400390625
39474.0,750.0,272.7124328613281
39474.0,1250.0,272.6653137207031
39474.0,1750.0,272.67254638671875
39474.0,2250.0,272.4900207519531
39474.0,2750.0,272.5980529785156
39474.0,3250.0,272.66461181640625
39474.0,3750.0,272.4606018066406
39474.0,4250.0,272.2550048828125
39474.0,4750.0,272.3870849609375
39474.0,5250.0,271.9917297363281
39474.0,5750.0,272.21795654296875
39474.0,6250.0,271.94970703125
39474.0,6750.0,271.8087463378906
39474.0,7250.0,271.5231628417969
39474.0,7750.0,271.1232604980469
39474.0,8250.0,269.0127868652344
39474.0,8750.0,269.1849060058594
39474.0,9250.0,269.0076599121094
39474.0,9750.0,268.58685302734375
39474.0,10250.0,267.5635986328125
39474.0,10750.0,266.52313232421875
39474.0,11250.0,264.9121398925781
39474.0,11750.0,263.0326843261719
39474.0,12250.0,260.35614013671875
39474.0,12750.0,260.85968017578125
39474.0,13250.0,259.9060363769531
39474.0,13750.0,257.3064880371094
39474.0,14250.0,257.1112976074219
39474.0,14750.0,252.4066162109375
40111.0,250.0,285.6488952636719
40111.0,750.0,285.8645935058594
40111.0,1250.0,285.78155517578125
40111.0,1750.0,285.83209228515625
40111.0,2250.0,285.8359680175781
40111.0,2750.0,285.913818359375
40111.0,3250.0,285.79364013671875
40111.0,3750.0,285.8698425292969
40111.0,4250.0,285.8088684082031
40111.0,4750.0,285.7816467285156
40111.0,5250.0,285.5826110839844
40111.0,5750.0,285.6864318847656
40111.0,6250.0,285.632568359375
40111.0,6750.0,285.5691223144531
40111.0,7250.0,285.531494140625
40111.0,7750.0,285.3390808105469
40111.0,8250.0,285.1578063964844
40111.0,8750.0,284.9732666015625
40111.0,9250.0,284.9366149902344
40111.0,9750.0,284.68878173828125
40111.0,10250.0,284.3909606933594
40111.0,10750.0,284.0701904296875
40111.0,11250.0,283.5818786621094
40111.0,11750.0,282.805908203125
40111.0,12250.0,281.97076416015625
40111.0,12750.0,281.96405029296875
40111.0,13250.0,281.3106689453125
40111.0,13750.0,279.7934875488281
40111.0,14250.0,278.18499755859375
40111.0,14750.0,278.3803405761719
40791.0,250.0,279.2033386230469
40791.0,750.0,279.28466796875
40791.0,1250.0,279.18768310546875
40791.0,1750.0,279.1948547363281
40791.0,2250.0,279.11773681640625
40791.0,2750.0,279.1843566894531
40791.0,3250.0,279.1822814941406
40791.0,3750.0,279.1157531738281
40791.0,4250.0,278.9385986328125
40791.0,4750.0,278.9552001953125
40791.0,5250.0,278.6955871582031
40791.0,5750.0,278.7720947265625
40791.0,6250.0,278.5835876464844
40791.0,6750.0,278.463623046875
40791.0,7250.0,278.4021301269531
40791.0,7750.0,278.1127624511719
40791.0,8250.0,276.9856872558594
40791.0,8750.0,277.1227722167969
40791.0,9250.0,276.9107666015625
40791.0,9750.0,276.6869201660156
40791.0,10250.0,275.9404296875
40791.0,10750.0,275.25738525390625
40791.0,11250.0,274.1336669921875
40791.0,11750.0,272.64892578125
40791.0,12250.0,270.65289306640625
40791.0,12750.0,271.01141357421875
40791.0,13250.0,269.87957763671875
40791.0,13750.0,266.8354187011719
40791.0,14250.0,264.54901123046875
40791.0,14750.0,260.8324890136719
40793.0,250.0,279.2033386230469
40793.0,750.0,279.28466796875
40793.0,1250.0,279.18768310546875
40793.0,1750.0,279.1948547363281
40793.0,2250.0,279.11773681640625
40793.0,2750.0,279.1843566894531
40793.0,3250.0,279.1822814941406
40793.0,3750.0,279.1157531738281
40793.0,4250.0,278.9385986328125
40793.0,4750.0,278.9552001953125
40793.0,5250.0,278.6955871582031
40793.0,5750.0,278.7720947265625
40793.0,6250.0,278.5835876464844
40793.0,6750.0,278.463623046875
40793.0,7250.0,278.4021301269531
40793.0,7750.0,278.1127624511719
40793.0,8250.0,276.9856872558594
40793.0,8750.0,277.1227722167969
40793.0,9250.0,276.9107666015625
40793.0,9750.0,276.6869201660156
40793.0,10250.0,275.9404296875
40793.0,10750.0,275.25738525390625
40793.0,11250.0,274.1336669921875
40793.0,11750.0,272.64892578125
40793.0,12250.0,270.65289306640625
40793.0,12750.0,271.01141357421875
40793.0,13250.0,269.87957763671875
40793.0,13750.0,266.8354187011719
40793.0,14250.0,264.54901123046875
40793.0,14750.0,260.8324890136719
40799.0,250.0,279.2033386230469
40799.0,750.0,279.28466796875
40799.0,1250.0,279.18768310546875
40799.0,1750.0,279.1948547363281
40799.0,2250.0,279.11773681640625
40799.0,2750.0,279.1843566894531
40799.0,3250.0,279.1822814941406
40799.0,3750.0,279.1157531738281
40799.0,4250.0,278.9385986328125
40799.0,4750.0,278.9552001953125
40799.0,5250.0,278.6955871582031
40799.0,5750.0,278.7720947265625
40799.0,6250.0,278.5835876464844
40799.0,6750.0,278.463623046875
40799.0,7250.0,278.4021301269531
40799.0,7750.0,278.1127624511719
40799.0,8250.0,276.9856872558594
40799.0,8750.0,277.1227722167969
40799.0,9250.0,276.9107666015625
40799.0,9750.0,276.6869201660156
40799.0,10250.0,275.9404296875
40799.0,10750.0,275.25738525390625
40799.0,11250.0,274.1336669921875
40799.0,11750.0,272.64892578125
40799.0,12250.0,270.65289306640625
40799.0,12750.0,271.01141357421875
40799.0,13250.0,269.87957763671875
40799.0,13750.0,266.8354187011719
40799.0,14250.0,264.54901123046875
40799.0,14750.0,260.8324890136719
40803.0,250.0,279.2033386230469
40803.0,750.0,279.28466796875
40803.0,1250.0,279.18768310546875
40803.0,1750.0,279.1948547363281
40803.0,2250.0,279.11773681640625
40803.0,2750.0,279.1843566894531
40803.0,3250.0,279.1822814941406
40803.0,3750.0,279.1157531738281
40803.0,4250.0,278.9385986328125
40803.0,4750.0,278.9552001953125
40803.0,5250.0,278.6955871582031
40803.0,5750.0,278.7720947265625
40803.0,6250.0,278.5835876464844
40803.0,6750.0,278.463623046875
40803.0,7250.0,278.4021301269531
40803.0,7750.0,278.1127624511719
40803.0,8250.0,276.9856872558594
40803.0,8750.0,277.1227722167969
40803.0,9250.0,276.9107666015625
40803.0,9750.0,276.6869201660156
40803.0,10250.0,275.9404296875
40803.0,10750.0,275.25738525390625
40803.0,11250.0,274.1336669921875
40803.0,11750.0,272.64892578125
40803.0,12250.0,270.65289306640625
40803.0,12750.0,271.01141357421875
40803.0,13250.0,269.87957763671875
40803.0,13750.0,266.8354187011719
40803.0,14250.0,264.54901123046875
40803.0,14750.0,260.8324890136719
40854.0,250.0,279.2033386230469
40854.0,750.0,279.28466796875
40854.0,1250.0,279.18768310546875
40854.0,1750.0,279.1948547363281
40854.0,2250.0,279.11773681640625
40854.0,2750.0,279.1843566894531
40854.0,3250.0,279.1822814941406
40854.0,3750.0,279.1157531738281
40854.0,4250.0,278.9385986328125
40854.0,4750.0,278.9552001953125
40854.0,5250.0,278.6955871582031
40854.0,5750.0,278.7720947265625
40854.0,6250.0,278.5835876464844
40854.0,6750.0,278.463623046875
40854.0,7250.0,278.4021301269531
40854.0,7750.0,278.1127624511719
40854.0,8250.0,276.9856872558594
40854.0,8750.0,277.1227722167969
40854.0,9250.0,276.9107666015625
40854.0,9750.0,276.6869201660156
40854.0,10250.0,275.9404296875
40854.0,10750.0,275.25738525390625
40854.0,11250.0,274.1336669921875
40854.0,11750.0,272.64892578125
40854.0,12250.0,270.65289306640625
40854.0,12750.0,271.01141357421875
40854.0,13250.0,269.87957763671875
40854.0,13750.0,266.8354187011719
40854.0,14250.0,264.54901123046875
40854.0,14750.0,260.8324890136719
40875.0,250.0,277.90911865234375
40875.0,750.0,278.0477294921875
40875.0,1250.0,277.95794677734375
40875.0,1750.0,277.9544372558594
40875.0,2250.0,277.8660888671875
40875.0,2750.0,277.9519958496094
40875.0,3250.0,277.94732666015625
40875.0,3750.0,277.9256286621094
40875.0,4250.0,277.74456787109375
40875.0,4750.0,277.8019714355469
40875.0,5250.0,277.5567932128906
40875.0,5750.0,277.6257019042969
40875.0,6250.0,277.4835510253906
40875.0,6750.0,277.3547668457031
40875.0,7250.0,277.2759704589844
40875.0,7750.0,277.0049743652344
40875.0,8250.0,275.800537109375
40875.0,8750.0,276.05609130859375
40875.0,9250.0,275.8543395996094
40875.0,9750.0,275.64599609375
40875.0,10250.0,274.6979675292969
40875.0,10750.0,273.9134521484375
40875.0,11250.0,272.7392578125
40875.0,11750.0,271.1552734375
40875.0,12250.0,268.85736083984375
40875.0,12750.0,269.1911926269531
40875.0,13250.0,267.69842529296875
40875.0,13750.0,264.6623229980469
40875.0,14250.0,261.9104919433594
40875.0,14750.0,259.1448669433594
40914.0,250.0,279.2033386230469
40914.0,750.0,279.28466796875
40914.0,1250.0,279.18768310546875
40914.0,1750.0,279.1948547363281
40914.0,2250.0,279.11773681640625
40914.0,2750.0,279.1843566894531
40914.0,3250.0,279.1822814941406
40914.0,3750.0,279.1157531738281
40914.0,4250.0,278.9385986328125
40914.0,4750.0,278.9552001953125
40914.0,5250.0,278.6955871582031
40914.0,5750.0,278.7720947265625
40914.0,6250.0,278.5835876464844
40914.0,6750.0,278.463623046875
40914.0,7250.0,278.4021301269531
40914.0,7750.0,278.1127624511719
40914.0,8250.0,276.9856872558594
40914.0,8750.0,277.1227722167969
40914.0,9250.0,276.9107666015625
40914.0,9750.0,276.6869201660156
40914.0,10250.0,275.9404296875
40914.0,10750.0,275.25738525390625
40914.0,11250.0,274.1336669921875
40914.0,11750.0,272.64892578125
40914.0,12250.0,270.65289306640625
40914.0,12750.0,271.01141357421875
40914.0,13250.0,269.87957763671875
40914.0,13750.0,266.8354187011719
40914.0,14250.0,264.54901123046875
40914.0,14750.0,260.8324890136719
40988.0,250.0,279.2033386230469
40988.0,750.0,279.28466796875
40988.0,1250.0,279.18768310546875
40988.0,1750.0,279.1948547363281
40988.0,2250.0,279.11773681640625
40988.0,2750.0,279.1843566894531
40988.0,3250.0,279.1822814941406
40988.0,3750.0,279.1157531738281
40988.0,4250.0,278.9385986328125
40988.0,4750.0,278.9552001953125
40988.0,5250.0,278.6955871582031
40988.0,5750.0,278.7720947265625
40988.0,6250.0,278.5835876464844
40988.0,6750.0,278.463623046875
40988.0,7250.0,278.4021301269531
40988.0,7750.0,278.1127624511719
40988.0,8250.0,276.9856872558594
40988.0,8750.0,277.1227722167969
40988.0,9250.0,276.9107666015625
40988.0,9750.0,276.6869201660156
40988.0,10250.0,275.9404296875
40988.0,10750.0,275.25738525390625
40988.0,11250.0,274.1336669921875
40988.0,11750.0,272.64892578125
40988.0,12250.0,270.65289306640625
40988.0,12750.0,271.01141357421875
40988.0,13250.0,269.87957763671875
40988.0,13750.0,266.8354187011719
40988.0,14250.0,264.54901123046875
40988.0,14750.0,260.8324890136719
40992.0,250.0,279.2033386230469
40992.0,750.0,279.28466796875
40992.0,1250.0,279.18768310546875
40992.0,1750.0,279.1948547363281
40992.0,2250.0,279.11773681640625
40992.0,2750.0,279.1843566894531
40992.0,3250.0,279.1822814941406
40992.0,3750.0,279.1157531738281
40992.0,4250.0,278.9385986328125
40992.0,4750.0,278.9552001953125
40992.0,5250.0,278.6955871582031
40992.0,5750.0,278.7720947265625
40992.0,6250.0,278.5835876464844
40992.0,6750.0,278.463623046875
40992.0,7250.0,278.4021301269531
40992.0,7750.0,278.1127624511719
40992.0,8250.0,276.9856872558594
40992.0,8750.0,277.1227722167969
40992.0,9250.0,276.9107666015625
40992.0,9750.0,276.6869201660156
40992.0,10250.0,275.9404296875
40992.0,10750.0,275.25738525390625
40992.0,11250.0,274.1336669921875
40992.0,11750.0,272.64892578125
40992.0,12250.0,270.65289306640625
40992.0,12750.0,271.01141357421875
40992.0,13250.0,269.87957763671875
40992.0,13750.0,266.8354187011719
40992.0,14250.0,264.54901123046875
40992.0,14750.0,260.8324890136719
48685.0,250.0,278.79583740234375
48685.0,750.0,278.8914489746094
48685.0,1250.0,278.8817138671875
48685.0,1750.0,278.96392822265625
48685.0,2250.0,278.81671142578125
48685.0,2750.0,278.8929748535156
48685.0,3250.0,278.93145751953125
48685.0,3750.0,278.9338073730469
48685.0,4250.0,278.81597900390625
48685.0,4750.0,278.84527587890625
48685.0,5250.0,278.5650329589844
48685.0,5750.0,278.543701171875
48685.0,6250.0,278.5640563964844
48685.0,6750.0,278.4825439453125
48685.0,7250.0,278.437255859375
48685.0,7750.0,278.1776428222656
48685.0,8250.0,277.54803466796875
48685.0,8750.0,277.703125
48685.0,9250.0,277.3625183105469
48685.0,9750.0,276.79644775390625
48685.0,10250.0,276.03668212890625
48685.0,10750.0,275.03216552734375
48685.0,11250.0,273.97900390625
48685.0,11750.0,272.6351623535156
48685.0,12250.0,270.5216064453125
48685.0,12750.0,270.27374267578125
48685.0,13250.0,269.23968505859375
48685.0,13750.0,267.4367980957031
48685.0,14250.0,264.9654235839844
48685.0,14750.0,263.5613708496094
66703.0,250.0,287.5594482421875
66703.0,750.0,287.6632995605469
66703.0,1250.0,287.5591125488281
66703.0,1750.0,287.59637451171875
66703.0,2250.0,287.585693359375
66703.0,2750.0,287.6845397949219
66703.0,3250.0,287.577392578125
66703.0,3750.0,287.63067626953125
66703.0,4250.0,287.5563659667969
66703.0,4750.0,287.5588684082031
66703.0,5250.0,287.4429016113281
66703.0,5750.0,287.5044250488281
66703.0,6250.0,287.4570617675781
66703.0,6750.0,287.3986511230469
66703.0,7250.0,287.361083984375
66703.0,7750.0,287.1810607910156
66703.0,8250.0,286.8752136230469
66703.0,8750.0,286.8756103515625
66703.0,9250.0,286.67449951171875
66703.0,9750.0,286.5621032714844
66703.0,10250.0,286.2496643066406
66703.0,10750.0,286.0529479980469
66703.0,11250.0,285.5928955078125
66703.0,11750.0,284.89715576171875
66703.0,12250.0,284.23004150390625
66703.0,12750.0,284.2875671386719
66703.0,13250.0,283.7334289550781
66703.0,13750.0,282.74932861328125
66703.0,14250.0,281.59228515625
66703.0,14750.0,281.916259765625
