site_id,lat,lon
203,36.02963,-85.501848
254,42.25,-77.91667
260,42.5,-73.31667
316,38.15472,-79.61639
367,38.46667,-98.66667
490,41.63794,-86.545192
518,38.2,-80.28333
523,39.96667,-77.55
539,36.799032,-91.090148
679,43.48,-85.0
785,44.37,-80.25
805,41.92,-82.76
847,42.33,-83.63
860,44.05,-87.73333
999,37.98472,-78.99722
1004,43.43860600000001,-89.672484
1153,47.13556,-93.64361
1160,37.432336,-85.72495599999999
1448,44.23806,-87.84806
1633,45.047734000000005,-92.824634
1643,45.28333,-91.48333
1824,43.34114,-95.12645
1961,44.03333,-70.35
1966,47.0798,-94.1142
2053,46.21194,-95.28417
2385,40.353714,-83.813074
2586,46.47,-86.95833
2623,40.4,-74.48333
2626,41.03779,-75.26551
2638,47.192748,-95.787316
2888,46.18444,-95.30694
2959,41.96667,-71.11667
2961,42.4,-85.38333
3031,45.004374,-93.573634
3035,45.33333,-90.08333
3081,43.91694,-89.16694
3582,36.16667,-76.68333
3831,43.41667,-84.88333
3840,34.16699,-80.77682200000001
15136,48.081514,-98.934766
15142,41.933788,-70.761514
15244,41.614226,-86.84848600000001
15286,49.75913,-95.199106
15296,43.095252,-78.02198200000001
15350,42.0281,-74.604776
15796,45.2226,-64.37578
15904,43.040832,-78.399692
15982,45.389554,-79.21705800000001
16081,45.669686,-62.611752
16103,44.97536,-62.09149
16129,42.78668,-88.84614
16175,41.40866,-74.552262
16181,41.331579999999995,-74.43334
16273,43.467058,-79.98756
16278,44.166818,-78.102834
17672,43.95,-79.43
17880,42.82454,-72.42867
19937,41.757238,-86.522242
20515,41.097272,-74.640604
39474,46.31815400000001,-69.06188
40111,34.16699,-80.77682200000001
40791,42.37758,-73.095044
40793,42.619884,-71.086996
40799,42.079818,-71.961482
40803,41.563886,-70.63587199999999
40854,42.17522,-72.702
40875,42.108152,-73.43755999999999
40914,44.36008,-72.37352
40988,42.675740000000005,-72.19332
40992,43.29136,-71.17873999999999
48685,41.834212,-88.381654
66703,34.2872,-78.5108
