site_id,lat,arrival_age,dist_km,genus
15350,42.0281,13750.0,874.1554320000005,Picea
15796,45.2226,8750.0,1229.3838320000002,Picea
16103,44.97536,13250.0,1201.8907440000005,Picea
254,42.25,10750.0,898.8307120000002,Abies
523,39.96667,13250.0,644.9244160000003,Abies
785,44.37,9750.0,1134.5747119999999,Abies
2626,41.03779,11750.0,764.0329600000003,Abies
15350,42.0281,12750.0,874.1554320000005,Abies
16103,44.97536,2750.0,1201.8907440000005,Abies
17880,42.82454,12250.0,962.7195600000001,Abies
19937,41.757238,13250.0,844.0355776000004,Abies
40799,42.079818,12750.0,879.9064736000005,Abies
40875,42.108152,13750.0,883.0572143999999,Abies
40988,42.675740000000005,12750.0,946.1730000000007,Abies
48685,41.834212,13250.0,852.5950864000002,Abies
805,41.92,12250.0,862.1347120000004,Larix
490,41.63794,10250.0,830.7696400000002,Pinus
805,41.92,11750.0,862.1347120000004,Pinus
847,42.33,11250.0,907.726712,Pinus
860,44.05,11250.0,1098.9907119999998,Pinus
1153,47.13556,9750.0,1442.104984,Pinus
1448,44.23806,11250.0,1119.9029839999998,Pinus
1633,45.047734000000005,10250.0,1209.9387328000007,Pinus
1966,47.0798,10250.0,1435.9044720000002,Pinus
2053,46.21194,9250.0,1339.39844,Pinus
2638,47.192748,8250.0,1448.4642896000005,Pinus
2888,46.18444,9750.0,1336.3404400000004,Pinus
2961,42.4,10750.0,915.510712,Pinus
3031,45.004374,9250.0,1205.1171008000001,Pinus
3035,45.33333,9750.0,1241.6970079999999,Pinus
3081,43.91694,10750.0,1084.1944399999998,Pinus
15136,48.081514,10750.0,1547.2950688,Pinus
15244,41.614226,13250.0,828.1326432000004,Pinus
15796,45.2226,5750.0,1229.3838320000002,Pinus
16129,42.78668,11250.0,958.5095279999998,Pinus
17880,42.82454,12250.0,962.7195600000001,Pinus
19937,41.757238,11750.0,844.0355776000004,Pinus
254,42.25,10750.0,898.8307120000002,Tsuga
260,42.5,9750.0,926.6307120000002,Tsuga
518,38.2,12250.0,448.4707120000005,Tsuga
785,44.37,6750.0,1134.5747119999999,Tsuga
1961,44.03333,7750.0,1097.1370080000002,Tsuga
2586,46.47,5250.0,1368.094712,Tsuga
2626,41.03779,9750.0,764.0329600000003,Tsuga
3035,45.33333,2250.0,1241.6970079999999,Tsuga
15142,41.933788,9750.0,863.6679376000002,Tsuga
15904,43.040832,8750.0,986.7712304000004,Tsuga
15982,45.389554,6250.0,1247.9491168,Tsuga
16081,45.669686,7750.0,1279.0997952,Tsuga
16103,44.97536,7250.0,1201.8907440000005,Tsuga
16175,41.40866,10250.0,805.273704,Tsuga
16273,43.467058,2750.0,1034.1675616000005,Tsuga
16278,44.166818,8250.0,1111.9808736000002,Tsuga
17672,43.95,8750.0,1087.8707120000006,Tsuga
17880,42.82454,8250.0,962.7195600000001,Tsuga
20515,41.097272,11250.0,770.6473583999998,Tsuga
39474,46.31815400000001,6750.0,1351.209436800001,Tsuga
40791,42.37758,11250.0,913.0176080000005,Tsuga
40793,42.619884,10250.0,939.9618128000001,Tsuga
40799,42.079818,11250.0,879.9064736000005,Tsuga
40854,42.17522,11250.0,890.5151760000006,Tsuga
40875,42.108152,10750.0,883.0572143999999,Tsuga
40988,42.675740000000005,10250.0,946.1730000000007,Tsuga
40992,43.29136,10250.0,1014.6299439999999,Tsuga
254,42.25,6750.0,898.8307120000002,Betula
260,42.5,10750.0,926.6307120000002,Betula
518,38.2,10750.0,448.4707120000005,Betula
785,44.37,10250.0,1134.5747119999999,Betula
860,44.05,11750.0,1098.9907119999998,Betula
1153,47.13556,10750.0,1442.104984,Betula
1448,44.23806,10750.0,1119.9029839999998,Betula
1633,45.047734000000005,11250.0,1209.9387328000007,Betula
1824,43.34114,11250.0,1020.1654800000006,Betula
1966,47.0798,10250.0,1435.9044720000002,Betula
2053,46.21194,10250.0,1339.39844,Betula
2626,41.03779,13750.0,764.0329600000003,Betula
2888,46.18444,9750.0,1336.3404400000004,Betula
3031,45.004374,11250.0,1205.1171008000001,Betula
3081,43.91694,10250.0,1084.1944399999998,Betula
3831,43.41667,12250.0,1028.5644160000006,Betula
15136,48.081514,11750.0,1547.2950688,Betula
15142,41.933788,12250.0,863.6679376000002,Betula
15244,41.614226,13250.0,828.1326432000004,Betula
15286,49.75913,12250.0,1733.845968,Betula
15796,45.2226,7250.0,1229.3838320000002,Betula
16129,42.78668,11750.0,958.5095279999998,Betula
17672,43.95,12250.0,1087.8707120000006,Betula
40791,42.37758,9750.0,913.0176080000005,Betula
40803,41.563886,13250.0,822.5348351999999,Betula
48685,41.834212,12250.0,852.5950864000002,Betula
260,42.5,10750.0,926.6307120000002,Quercus
490,41.63794,12750.0,830.7696400000002,Quercus
518,38.2,12250.0,448.4707120000005,Quercus
523,39.96667,10250.0,644.9244160000003,Quercus
785,44.37,13250.0,1134.5747119999999,Quercus
805,41.92,10750.0,862.1347120000004,Quercus
999,37.98472,10750.0,424.5315760000005,Quercus
1004,43.43860600000001,10750.0,1031.003699200001,Quercus
1153,47.13556,8250.0,1442.104984,Quercus
1160,37.432336,13750.0,363.1064752000001,Quercus
1633,45.047734000000005,10750.0,1209.9387328000007,Quercus
1824,43.34114,12750.0,1020.1654800000006,Quercus
1961,44.03333,9250.0,1097.1370080000002,Quercus
1966,47.0798,7750.0,1435.9044720000002,Quercus
2053,46.21194,9250.0,1339.39844,Quercus
2385,40.353714,11750.0,687.9637087999998,Quercus
2623,40.4,9750.0,693.110712,Quercus
2626,41.03779,13250.0,764.0329600000003,Quercus
2638,47.192748,7750.0,1448.4642896000005,Quercus
2888,46.18444,9750.0,1336.3404400000004,Quercus
3031,45.004374,9750.0,1205.1171008000001,Quercus
3035,45.33333,9750.0,1241.6970079999999,Quercus
3081,43.91694,12750.0,1084.1944399999998,Quercus
3582,36.16667,11750.0,222.36441600000057,Quercus
3831,43.41667,12250.0,1028.5644160000006,Quercus
15136,48.081514,5250.0,1547.2950688,Quercus
15142,41.933788,11750.0,863.6679376000002,Quercus
16081,45.669686,9250.0,1279.0997952,Quercus
16103,44.97536,11250.0,1201.8907440000005,Quercus
16129,42.78668,12250.0,958.5095279999998,Quercus
17880,42.82454,9250.0,962.7195600000001,Quercus
39474,46.31815400000001,9750.0,1351.209436800001,Quercus
40791,42.37758,11250.0,913.0176080000005,Quercus
40793,42.619884,11250.0,939.9618128000001,Quercus
40854,42.17522,13250.0,890.5151760000006,Quercus
40988,42.675740000000005,11250.0,946.1730000000007,Quercus
40992,43.29136,11750.0,1014.6299439999999,Quercus
48685,41.834212,14250.0,852.5950864000002,Quercus
254,42.25,6750.0,898.8307120000002,Fagus
260,42.5,8750.0,926.6307120000002,Fagus
490,41.63794,6750.0,830.7696400000002,Fagus
518,38.2,5750.0,448.4707120000005,Fagus
679,43.48,6750.0,1035.6067119999998,Fagus
785,44.37,5750.0,1134.5747119999999,Fagus
847,42.33,6750.0,907.726712,Fagus
1448,44.23806,2750.0,1119.9029839999998,Fagus
1961,44.03333,5750.0,1097.1370080000002,Fagus
2385,40.353714,5250.0,687.9637087999998,Fagus
2626,41.03779,7250.0,764.0329600000003,Fagus
2961,42.4,6750.0,915.510712,Fagus
3831,43.41667,6750.0,1028.5644160000006,Fagus
3840,34.16699,10750.0,0.0,Fagus
15244,41.614226,2250.0,828.1326432000004,Fagus
15296,43.095252,6750.0,992.8227344000004,Fagus
15904,43.040832,8250.0,986.7712304000004,Fagus
15982,45.389554,5750.0,1247.9491168,Fagus
16175,41.40866,6750.0,805.273704,Fagus
16278,44.166818,7750.0,1111.9808736000002,Fagus
17672,43.95,8750.0,1087.8707120000006,Fagus
17880,42.82454,7750.0,962.7195600000001,Fagus
19937,41.757238,6750.0,844.0355776000004,Fagus
39474,46.31815400000001,3750.0,1351.209436800001,Fagus
40111,34.16699,11750.0,0.0,Fagus
40791,42.37758,9750.0,913.0176080000005,Fagus
40793,42.619884,7750.0,939.9618128000001,Fagus
40799,42.079818,7750.0,879.9064736000005,Fagus
40803,41.563886,6250.0,822.5348351999999,Fagus
40854,42.17522,8750.0,890.5151760000006,Fagus
40875,42.108152,9250.0,883.0572143999999,Fagus
40988,42.675740000000005,8750.0,946.1730000000007,Fagus
40992,43.29136,7750.0,1014.6299439999999,Fagus
66703,34.2872,13250.0,13.367352000000016,Fagus
203,36.02963,14250.0,207.1255679999999,Fraxinus
254,42.25,12750.0,898.8307120000002,Fraxinus
260,42.5,9750.0,926.6307120000002,Fraxinus
490,41.63794,12250.0,830.7696400000002,Fraxinus
805,41.92,10250.0,862.1347120000004,Fraxinus
1004,43.43860600000001,10750.0,1031.003699200001,Fraxinus
1160,37.432336,10750.0,363.1064752000001,Fraxinus
1824,43.34114,12750.0,1020.1654800000006,Fraxinus
3035,45.33333,12750.0,1241.6970079999999,Fraxinus
15904,43.040832,11750.0,986.7712304000004,Fraxinus
16129,42.78668,12750.0,958.5095279999998,Fraxinus
490,41.63794,10250.0,830.7696400000002,Ulmus
679,43.48,10250.0,1035.6067119999998,Ulmus
785,44.37,7250.0,1134.5747119999999,Ulmus
805,41.92,2250.0,862.1347120000004,Ulmus
847,42.33,9750.0,907.726712,Ulmus
860,44.05,10750.0,1098.9907119999998,Ulmus
1004,43.43860600000001,9750.0,1031.003699200001,Ulmus
1448,44.23806,10750.0,1119.9029839999998,Ulmus
1633,45.047734000000005,10250.0,1209.9387328000007,Ulmus
1824,43.34114,10750.0,1020.1654800000006,Ulmus
2053,46.21194,9750.0,1339.39844,Ulmus
2385,40.353714,10750.0,687.9637087999998,Ulmus
2888,46.18444,9750.0,1336.3404400000004,Ulmus
2961,42.4,10250.0,915.510712,Ulmus
3031,45.004374,10250.0,1205.1171008000001,Ulmus
3035,45.33333,9750.0,1241.6970079999999,Ulmus
3081,43.91694,10250.0,1084.1944399999998,Ulmus
3831,43.41667,10250.0,1028.5644160000006,Ulmus
15904,43.040832,11750.0,986.7712304000004,Ulmus
16129,42.78668,11250.0,958.5095279999998,Ulmus
16278,44.166818,9750.0,1111.9808736000002,Ulmus
17672,43.95,8750.0,1087.8707120000006,Ulmus
19937,41.757238,10750.0,844.0355776000004,Ulmus
48685,41.834212,12250.0,852.5950864000002,Ulmus
316,38.15472,5250.0,443.4355759999999,Carya
490,41.63794,4750.0,830.7696400000002,Carya
518,38.2,4250.0,448.4707120000005,Carya
539,36.799032,12250.0,292.68307039999985,Carya
999,37.98472,2750.0,424.5315760000005,Carya
2385,40.353714,9250.0,687.9637087999998,Carya
2961,42.4,3250.0,915.510712,Carya
3840,34.16699,13250.0,0.0,Carya
15244,41.614226,7250.0,828.1326432000004,Carya
15904,43.040832,3750.0,986.7712304000004,Carya
16175,41.40866,5250.0,805.273704,Carya
19937,41.757238,10250.0,844.0355776000004,Carya
20515,41.097272,6750.0,770.6473583999998,Carya
40799,42.079818,5250.0,879.9064736000005,Carya
40875,42.108152,4750.0,883.0572143999999,Carya
66703,34.2872,12250.0,13.367352000000016,Carya
254,42.25,6750.0,898.8307120000002,Acer
260,42.5,4750.0,926.6307120000002,Acer
679,43.48,3250.0,1035.6067119999998,Acer
785,44.37,7250.0,1134.5747119999999,Acer
847,42.33,3250.0,907.726712,Acer
1448,44.23806,7250.0,1119.9029839999998,Acer
15296,43.095252,8250.0,992.8227344000004,Acer
15350,42.0281,3750.0,874.1554320000005,Acer
15904,43.040832,8250.0,986.7712304000004,Acer
15982,45.389554,5750.0,1247.9491168,Acer
16273,43.467058,2750.0,1034.1675616000005,Acer
16278,44.166818,7750.0,1111.9808736000002,Acer
17672,43.95,9250.0,1087.8707120000006,Acer
17880,42.82454,6250.0,962.7195600000001,Acer
19937,41.757238,10250.0,844.0355776000004,Acer
40875,42.108152,3750.0,883.0572143999999,Acer
203,36.02963,8750.0,207.1255679999999,Alnus
254,42.25,10750.0,898.8307120000002,Alnus
260,42.5,10750.0,926.6307120000002,Alnus
518,38.2,12250.0,448.4707120000005,Alnus
523,39.96667,12750.0,644.9244160000003,Alnus
860,44.05,3250.0,1098.9907119999998,Alnus
999,37.98472,6250.0,424.5315760000005,Alnus
1153,47.13556,8750.0,1442.104984,Alnus
1824,43.34114,11250.0,1020.1654800000006,Alnus
1961,44.03333,10250.0,1097.1370080000002,Alnus
1966,47.0798,4250.0,1435.9044720000002,Alnus
2586,46.47,8250.0,1368.094712,Alnus
2959,41.96667,11250.0,867.3244160000003,Alnus
3031,45.004374,10750.0,1205.1171008000001,Alnus
3035,45.33333,8250.0,1241.6970079999999,Alnus
15142,41.933788,8750.0,863.6679376000002,Alnus
15286,49.75913,4250.0,1733.845968,Alnus
16081,45.669686,13750.0,1279.0997952,Alnus
16175,41.40866,12250.0,805.273704,Alnus
17880,42.82454,11250.0,962.7195600000001,Alnus
39474,46.31815400000001,12250.0,1351.209436800001,Alnus
40793,42.619884,13250.0,939.9618128000001,Alnus
40799,42.079818,12750.0,879.9064736000005,Alnus
40875,42.108152,13250.0,883.0572143999999,Alnus
40914,44.36008,13250.0,1133.4716080000005,Alnus
48685,41.834212,12250.0,852.5950864000002,Alnus
3031,45.004374,11250.0,1205.1171008000001,Populus
48685,41.834212,14250.0,852.5950864000002,Populus
