bin_age,climate_rate_c_per_century
14500.0,0.4143634033203057
14000.0,0.3659913773970175
13500.0,0.4004002241654916
13000.0,0.22222273393110756
12500.0,-0.00036082874645444464
12000.0,0.40136480158025734
11500.0,0.27510387073863285
11000.0,0.20696821732955187
10500.0,0.16192305131392004
10000.0,0.15364424272016777
9500.0,0.0720377974076655
9000.0,0.03642877752131426
8500.0,-0.00380859375
8000.0,0.20811834161931983
7500.0,0.05880548650567335
7000.0,0.022684215198864877
6500.0,0.014744096235801862
6000.0,0.034104003906247723
5500.0,-0.02269886363636715
5000.0,0.05706520774148203
4500.0,-0.017197265624997727
4000.0,0.027737482244310743
3500.0,0.012469815340909919
3000.0,-7.324218745452527e-06
2500.0,-0.02459716796875
2000.0,0.028068625710227477
1500.0,-0.013924782492904342
1000.0,0.014829101562497726
500.0,-0.019466441761358057
