site_id,genus,lag_bins,lag_years,r,n_bins
203,Picea,1,500,-0.9808229002979756,21
203,Pinus,0,0,-0.879331174558976,21
203,Quercus,3,1500,-0.342782300781853,21
203,Fraxinus,0,0,-0.5699080362816883,21
203,Carya,0,0,0.7222851213560942,21
203,Alnus,3,1500,0.8384614146469349,21
254,Picea,4,2000,-0.7909699595094755,23
254,Pinus,6,3000,-0.46658332139278247,23
254,Tsuga,1,500,0.6375213118988269,23
254,Betula,5,2500,0.8295552375233163,23
254,Quercus,2,1000,0.7881406260703148,23
254,Fagus,5,2500,0.8103951594787637,23
254,Fraxinus,5,2500,-0.6459075471814618,23
254,Acer,4,2000,0.7687997999946102,23
254,Alnus,6,3000,-0.364024821846032,23
260,Picea,1,500,-0.8191793541089556,22
260,Pinus,3,1500,-0.8429717190109887,22
260,Tsuga,5,2500,-0.8789200336136627,22
260,Betula,0,0,0.8773401707514482,22
260,Quercus,0,0,0.7648434725446612,22
260,Fagus,2,1000,0.8008839998026321,22
260,Fraxinus,4,2000,-0.5484586944058581,22
260,Acer,0,0,0.8280970177366197,22
316,Picea,3,1500,-0.9318603351246997,19
316,Pinus,0,0,-0.9022873307733609,19
316,Quercus,3,1500,0.9059509751050734,19
316,Carya,2,1000,0.7981734027250428,19
316,Alnus,2,1000,-0.9394123569129903,19
367,Pinus,1,500,-0.49494069951358616,12
490,Picea,0,0,-0.9680078500094628,28
490,Pinus,6,3000,-0.6238218492436747,28
490,Quercus,4,2000,0.9403116368649487,28
490,Fagus,6,3000,0.6244452268037687,28
490,Fraxinus,6,3000,-0.7000224336660887,28
490,Ulmus,0,0,0.7179139607851185,28
490,Carya,4,2000,0.82694491194254,28
518,Picea,0,0,-0.8934679820164685,20
518,Pinus,6,3000,0.8569791953562025,20
518,Tsuga,3,1500,-0.9384892067087517,20
518,Betula,4,2000,0.7776291934391059,20
518,Quercus,3,1500,0.9472570190627936,20
518,Fagus,3,1500,0.8139172189681231,20
518,Carya,6,3000,0.8099806793110316,20
518,Alnus,6,3000,-0.8978375255844504,20
523,Picea,0,0,-0.9870962169121261,22
523,Abies,6,3000,-0.9227612466043686,22
523,Pinus,6,3000,-0.6976762916110539,22
523,Quercus,3,1500,0.8660724566925903,22
523,Alnus,4,2000,-0.8300219603600206,22
539,Picea,2,1000,-0.9248672917263374,23
539,Pinus,6,3000,0.6403274575194954,23
539,Quercus,0,0,0.8758419110593494,23
539,Fraxinus,4,2000,-0.8788459501762745,23
539,Carya,0,0,0.44754177406646334,23
679,Picea,1,500,-0.6660560973500509,25
679,Pinus,6,3000,-0.6418167459616844,25
679,Betula,0,0,0.5504848027813143,25
679,Quercus,2,1000,0.753765117735227,25
679,Fagus,3,1500,0.6142022809200409,25
679,Fraxinus,0,0,-0.6063512958019794,25
679,Ulmus,0,0,0.5236641133832998,25
679,Acer,1,500,0.7202018745450401,25
785,Picea,4,2000,-0.9397504039304244,27
785,Pinus,6,3000,-0.34697317183348686,27
785,Tsuga,3,1500,0.49022822813829503,27
785,Betula,2,1000,0.7047143621232447,27
785,Quercus,4,2000,0.7476277859222031,27
785,Fagus,6,3000,0.7509455071012925,27
785,Fraxinus,6,3000,0.8266181330433284,27
785,Ulmus,6,3000,0.8714188780306756,27
785,Acer,6,3000,0.889766297527417,27
805,Picea,3,1500,-0.8858674075485828,23
805,Pinus,6,3000,-0.7996325214022395,23
805,Quercus,0,0,0.7426440532089994,23
805,Fraxinus,1,500,0.727033273184414,23
805,Ulmus,0,0,0.5681556960177127,23
805,Carya,2,1000,0.7128729828920803,23
805,Acer,1,500,0.6712263310025203,23
847,Picea,1,500,-0.834239858991072,16
847,Pinus,2,1000,-0.9619078532487665,16
847,Quercus,0,0,0.8312009157485962,16
847,Fagus,2,1000,0.6285262325105198,16
847,Fraxinus,0,0,0.4672583337037541,16
847,Ulmus,5,2500,-0.7292031841928153,16
847,Carya,6,3000,0.6907941001155473,16
847,Acer,0,0,0.6137781645224725,16
860,Picea,2,1000,-0.9361038295057391,23
860,Pinus,6,3000,-0.8195539906289413,23
860,Betula,0,0,0.3857174151726631,23
860,Quercus,3,1500,0.7539594771118453,23
860,Fraxinus,0,0,-0.8501800950815002,23
860,Ulmus,0,0,0.47669382192946874,23
860,Acer,2,1000,0.7624726523655123,23
860,Alnus,6,3000,0.6211112068252247,23
999,Picea,5,2500,-0.9619338141488496,21
999,Pinus,2,1000,-0.6588485855336664,21
999,Quercus,3,1500,0.7976828684435325,21
999,Carya,4,2000,0.680970716240071,21
999,Alnus,0,0,0.5395872574359789,21
1004,Picea,1,500,-0.920969624813701,19
1004,Pinus,5,2500,0.6859964327740099,19
1004,Quercus,1,500,0.8807589212756758,19
1004,Fraxinus,6,3000,-0.8589557218404525,19
1004,Ulmus,0,0,0.37534790763407305,19
1004,Alnus,0,0,0.296436122011814,19
1153,Picea,4,2000,-0.8353267401444904,19
1153,Pinus,6,3000,0.688285162788816,19
1153,Betula,4,2000,0.7044129534013305,19
1153,Quercus,6,3000,-0.7167386183377247,19
1153,Fraxinus,4,2000,-0.8071411708210242,19
1153,Alnus,0,0,0.27421730022447577,19
1160,Picea,3,1500,-0.886024465850931,19
1160,Pinus,1,500,-0.9451739621341655,19
1160,Quercus,2,1000,0.9386412101477571,19
1160,Fraxinus,0,0,0.3935435398035413,19
1160,Carya,1,500,0.7064615209311452,19
1448,Picea,2,1000,-0.9217297280225314,29
1448,Pinus,0,0,0.6633581148520458,29
1448,Betula,6,3000,-0.508128722444885,29
1448,Quercus,4,2000,0.8664326218024895,29
1448,Fraxinus,1,500,-0.6853503767927674,29
1448,Ulmus,0,0,0.5992445556959728,29
1448,Acer,1,500,0.6880379836917209,29
1633,Picea,1,500,-0.9881831901372734,18
1633,Pinus,4,2000,-0.9455067297479329,18
1633,Betula,6,3000,0.6360116416295047,18
1633,Quercus,6,3000,0.8124668280172819,18
1633,Fraxinus,0,0,-0.9554787620713888,18
1633,Ulmus,5,2500,-0.9696257821830563,18
1633,Alnus,0,0,0.6807822762100745,18
1824,Picea,1,500,-0.9243088248990123,27
1824,Pinus,2,1000,0.7284744075454681,27
1824,Betula,4,2000,-0.8506836984728691,27
1824,Quercus,0,0,0.4297765507940812,27
1824,Fraxinus,4,2000,-0.8943927663646265,27
1824,Ulmus,6,3000,-0.9147871997058651,27
1961,Picea,2,1000,-0.8652676525065167,23
1961,Pinus,6,3000,-0.7156235783573478,23
1961,Tsuga,3,1500,0.6774304812728789,23
1961,Betula,5,2500,-0.4333701841508504,23
1961,Quercus,0,0,0.5406792189452299,23
1961,Fagus,6,3000,0.7833539308106668,23
1966,Picea,2,1000,-0.80674253530725,21
1966,Pinus,6,3000,0.6220775436634767,21
1966,Betula,6,3000,0.6768845717405222,21
1966,Quercus,6,3000,-0.6118944183234513,21
1966,Ulmus,6,3000,-0.7423784719376101,21
1966,Alnus,6,3000,0.6798387005617834,21
2053,Picea,2,1000,-0.9464438848933365,23
2053,Pinus,6,3000,-0.8969426121451899,23
2053,Betula,4,2000,-0.5012301068348736,23
2053,Quercus,4,2000,0.6647594053897278,23
2053,Ulmus,6,3000,-0.8441116889894562,23
2385,Picea,2,1000,-0.9271338416229528,26
2385,Pinus,6,3000,-0.6965593091561257,26
2385,Quercus,3,1500,0.9184028546567452,26
2385,Ulmus,0,0,0.49024626650273107,26
2385,Carya,4,2000,0.8541807835494533,26
2586,Picea,3,1500,-0.9031294737755173,22
2586,Pinus,6,3000,-0.49302809008917525,22
2586,Tsuga,6,3000,0.611190703967969,22
2586,Betula,0,0,0.5192007616899218,22
2586,Quercus,5,2500,0.3967320788603452,22
2586,Ulmus,0,0,-0.8785186376937524,22
2586,Acer,6,3000,0.6851680806873375,22
2623,Picea,1,500,-0.9233041763398192,14
2623,Pinus,4,2000,-0.8633588022366656,14
2623,Betula,0,0,-0.9356086540265365,14
2623,Quercus,0,0,0.8540137549697691,14
2626,Picea,3,1500,-0.9355738464515334,29
2626,Pinus,6,3000,-0.7452792036425784,29
2626,Tsuga,0,0,0.5693249303242254,29
2626,Betula,6,3000,-0.46971887164592124,29
2626,Quercus,0,0,0.7996404459931432,29
2626,Fagus,6,3000,0.6221962309577203,29
2626,Alnus,6,3000,-0.353317212242241,29
2638,Picea,0,0,-0.7222346311733367,18
2638,Pinus,5,2500,0.8389423115901726,18
2638,Betula,6,3000,0.8708907712126126,18
2638,Quercus,0,0,0.7375403055694904,18
2638,Ulmus,6,3000,0.7868777045813033,18
2638,Alnus,3,1500,0.7944383417592318,18
2888,Picea,0,0,-0.8726249163691386,15
2888,Pinus,4,2000,-0.8806732529100161,15
2888,Betula,6,3000,0.6405545408744105,15
2888,Quercus,6,3000,0.7034970568150019,15
2888,Ulmus,5,2500,-0.8257057762021903,15
2888,Alnus,0,0,0.6311364100059987,15
2959,Picea,4,2000,-0.8963452065382792,27
2959,Pinus,6,3000,-0.8825485690675935,27
2959,Betula,6,3000,-0.48552485683552016,27
2959,Quercus,3,1500,0.7493588942351874,27
2959,Fagus,6,3000,0.7400977663963103,27
2959,Alnus,0,0,0.8245369448281289,27
2961,Picea,0,0,-0.9334097912112468,24
2961,Pinus,5,2500,-0.8893897996480308,24
2961,Quercus,2,1000,0.8702432402324702,24
2961,Fagus,4,2000,0.5601662174981134,24
2961,Fraxinus,0,0,-0.7726659865076221,24
2961,Ulmus,0,0,0.5246573033829048,24
2961,Carya,3,1500,0.6283601737582776,24
3031,Picea,0,0,-0.9494999368249177,21
3031,Pinus,5,2500,-0.7740158026564705,21
3031,Betula,2,1000,-0.8889392277183434,21
3031,Quercus,0,0,0.7163867095149379,21
3031,Fraxinus,2,1000,-0.9109348225358813,21
3031,Ulmus,4,2000,-0.9807980474235055,21
3031,Populus,1,500,-0.8809148314975974,21
3035,Picea,2,1000,-0.9195839734306109,25
3035,Pinus,1,500,0.8236962747581894,25
3035,Tsuga,6,3000,0.45461914252779295,25
3035,Betula,2,1000,0.5155132558488543,25
3035,Quercus,0,0,0.7056023857924331,25
3035,Fraxinus,5,2500,-0.8258627373830149,25
3035,Ulmus,6,3000,-0.5279104441318861,25
3035,Alnus,1,500,0.7641106033586871,25
3081,Picea,0,0,-0.9609276538977244,23
3081,Pinus,6,3000,-0.9467807724010743,23
3081,Betula,0,0,0.30161259600156903,23
3081,Quercus,5,2500,0.9263591726732049,23
3081,Fraxinus,0,0,-0.8649439109883157,23
3081,Ulmus,6,3000,-0.830458314491156,23
3582,Picea,0,0,-0.9338981273066916,18
3582,Pinus,5,2500,0.7382346852446311,18
3582,Quercus,6,3000,-0.8925334915917333,18
3831,Picea,0,0,-0.9716465620739817,22
3831,Pinus,4,2000,-0.8216829615454326,22
3831,Betula,6,3000,0.44265068627806253,22
3831,Quercus,2,1000,0.7544422886973308,22
3831,Fagus,5,2500,0.636322556334606,22
3831,Fraxinus,5,2500,0.40760104389014984,22
3831,Ulmus,2,1000,0.5369042037081136,22
3840,Pinus,5,2500,0.9184016662187615,20
3840,Quercus,6,3000,-0.9293791737755224,20
3840,Carya,3,1500,-0.9514996490708838,20
15136,Picea,1,500,-0.9842224903473688,25
15136,Pinus,3,1500,0.8231023332717344,25
15136,Betula,5,2500,-0.596976696255127,25
15136,Quercus,6,3000,0.5249893049395367,25
15136,Populus,2,1000,-0.9202086395739149,25
15142,Picea,3,1500,-0.883794257097895,21
15142,Pinus,5,2500,-0.7533572309153013,21
15142,Betula,5,2500,-0.7567939302816566,21
15142,Quercus,4,2000,0.8277457491865514,21
15142,Alnus,6,3000,-0.8141153974627098,21
15244,Pinus,3,1500,-0.9071950184795219,21
15244,Quercus,4,2000,0.8230483427052766,21
15244,Fagus,5,2500,0.66437780975661,21
15244,Fraxinus,1,500,-0.850518666875821,21
15244,Ulmus,2,1000,-0.9004304230290149,21
15244,Carya,1,500,0.6579416497742359,21
15286,Picea,0,0,-0.6002055964541042,17
15286,Pinus,0,0,0.6612651332964387,17
15286,Betula,1,500,-0.3721771079439723,17
15286,Quercus,5,2500,-0.5814271109733288,17
15286,Ulmus,6,3000,-0.884022574156958,17
15286,Alnus,6,3000,0.6717353194615515,17
15296,Pinus,1,500,-0.7072338066155412,18
15296,Tsuga,6,3000,-0.7348830237623586,18
15296,Betula,6,3000,0.6545346383943165,18
15296,Quercus,5,2500,-0.9575157026158332,18
15296,Fagus,6,3000,-0.5170480421556163,18
15296,Ulmus,3,1500,0.31173925999372354,18
15296,Acer,0,0,0.4990690777405287,18
15350,Picea,1,500,-0.9518211746588418,28
15350,Abies,6,3000,-0.8049415194133206,28
15350,Pinus,5,2500,-0.8586351579014094,28
15350,Tsuga,0,0,0.487472942484236,28
15350,Betula,5,2500,0.853034306846084,28
15350,Quercus,1,500,0.6297191822525998,28
15350,Fagus,6,3000,0.7985620637233541,28
15350,Acer,1,500,0.7898013069559492,28
15796,Picea,6,3000,-0.8135336413474406,13
15796,Pinus,6,3000,-0.774486197365878,13
15796,Betula,4,2000,0.45845262346118054,13
15904,Picea,2,1000,-0.9462737988462263,27
15904,Pinus,5,2500,-0.8887044481657216,27
15904,Tsuga,6,3000,-0.28336452143146945,27
15904,Betula,0,0,0.32434376122801334,27
15904,Quercus,0,0,0.6529180902719682,27
15904,Fagus,4,2000,0.746949189748749,27
15904,Fraxinus,0,0,0.6986220000599059,27
15904,Ulmus,1,500,0.8098149116672213,27
15904,Carya,6,3000,0.8551510108116905,27
15904,Acer,3,1500,0.8064985162319148,27
15982,Picea,0,0,-0.7969991679746948,18
15982,Pinus,6,3000,-0.9149519980060665,18
15982,Tsuga,6,3000,0.7295910004021605,18
15982,Betula,2,1000,0.7679988240584652,18
15982,Quercus,0,0,-0.6564845512932641,18
15982,Fagus,6,3000,0.8112831805332635,18
15982,Ulmus,6,3000,0.7519474730949754,18
15982,Acer,4,2000,0.8202770370421784,18
16081,Picea,6,3000,-0.6663244911908948,25
16081,Pinus,0,0,0.5287179525324661,25
16081,Tsuga,6,3000,0.8668572667952167,25
16081,Betula,6,3000,0.6401868210855919,25
16081,Quercus,0,0,0.45241816711912763,25
16081,Alnus,2,1000,-0.25882740988576575,25
16103,Picea,0,0,0.3373918863667044,24
16103,Abies,6,3000,0.658183176631897,24
16103,Pinus,6,3000,-0.6016281775141097,24
16103,Tsuga,0,0,0.5475067473110042,24
16103,Betula,0,0,0.646291627247287,24
16103,Quercus,6,3000,-0.7892882407161634,24
16103,Alnus,2,1000,-0.5296112617198809,24
16129,Picea,1,500,-0.9246103397432649,28
16129,Pinus,5,2500,-0.8077210136378198,28
16129,Betula,4,2000,-0.917952287056417,28
16129,Quercus,0,0,0.7758944484493743,28
16129,Fraxinus,2,1000,-0.8730353367157322,28
16129,Ulmus,6,3000,-0.7060126168239625,28
16175,Picea,0,0,-0.9376902920633423,28
16175,Pinus,1,500,-0.9519494842837213,28
16175,Tsuga,0,0,0.5751068179069934,28
16175,Betula,6,3000,0.34554123344413956,28
16175,Quercus,0,0,0.7602179307606453,28
16175,Fagus,6,3000,0.7544879006113462,28
16175,Fraxinus,5,2500,0.5661300797862003,28
16175,Carya,6,3000,0.7379458489957846,28
16175,Alnus,6,3000,0.5889009894768081,28
16181,Picea,0,0,-0.9135295402357776,13
16181,Pinus,1,500,-0.7742643055454153,13
16181,Tsuga,0,0,0.6769548694174964,13
16181,Betula,1,500,-0.9470868725225001,13
16181,Quercus,0,0,0.8084741615865305,13
16181,Alnus,0,0,-0.8271532367655748,13
16273,Picea,0,0,-0.9671859988475493,15
16273,Pinus,5,2500,-0.6828004986678786,15
16273,Tsuga,6,3000,0.7330121969483979,15
16273,Betula,6,3000,0.2768862585767055,15
16273,Quercus,5,2500,0.5445112610974225,15
16273,Acer,6,3000,0.657319346038164,15
16278,Picea,3,1500,-0.9433217846644569,29
16278,Pinus,6,3000,-0.7269695915063592,29
16278,Tsuga,0,0,0.5297034651373582,29
16278,Betula,2,1000,0.46968482344659856,29
16278,Quercus,1,500,0.6245412186819611,29
16278,Fagus,6,3000,0.7611596484350924,29
16278,Fraxinus,6,3000,0.7735068580381622,29
16278,Ulmus,3,1500,0.809460389025834,29
16278,Acer,5,2500,0.7594686941979245,29
17672,Picea,5,2500,-0.7583149984160706,28
17672,Pinus,6,3000,-0.8545375436987607,28
17672,Tsuga,2,1000,0.6176255851191504,28
17672,Betula,6,3000,0.7011201833498981,28
17672,Quercus,2,1000,0.6312958511930751,28
17672,Fagus,4,2000,0.7833459316742147,28
17672,Fraxinus,4,2000,0.6856593795747922,28
17672,Ulmus,3,1500,0.7909932099401998,28
17672,Acer,3,1500,0.8313623930766086,28
17880,Picea,2,1000,-0.9528368154637654,27
17880,Abies,4,2000,-0.9067983990854561,27
17880,Pinus,6,3000,-0.4988185357144038,27
17880,Tsuga,2,1000,0.5927492196103943,27
17880,Betula,1,500,0.46936166033795357,27
17880,Quercus,3,1500,0.5359719469393248,27
17880,Fagus,6,3000,0.660617257970375,27
17880,Acer,3,1500,0.582687401890142,27
19937,Picea,0,0,-0.9351516784040964,30
19937,Abies,4,2000,-0.8710736073482301,30
19937,Pinus,6,3000,-0.7776257983538917,30
19937,Quercus,0,0,0.7364858141177834,30
19937,Fagus,6,3000,0.6791031496471991,30
19937,Fraxinus,6,3000,0.6083942842553705,30
19937,Ulmus,0,0,0.570117131909088,30
19937,Carya,1,500,0.6787549157416896,30
19937,Acer,6,3000,0.849896809247812,30
20515,Pinus,2,1000,-0.9303689269256932,25
20515,Tsuga,0,0,0.3174822976236318,25
20515,Betula,5,2500,0.737803829283146,25
20515,Quercus,0,0,0.817772237085161,25
20515,Carya,6,3000,0.812903223338473,25
39474,Picea,1,500,-0.7173195093081749,28
39474,Pinus,0,0,0.4004762097775244,28
39474,Tsuga,3,1500,0.5351689077053428,28
39474,Betula,2,1000,0.5590493316420946,28
39474,Quercus,5,2500,-0.2664990057231703,28
39474,Fagus,6,3000,0.7331266159711214,28
39474,Alnus,4,2000,-0.854734582743375,28
40111,Pinus,6,3000,0.8869873300903237,29
40111,Quercus,6,3000,-0.7871106402783239,29
40111,Carya,4,2000,-0.9463060832464815,29
40791,Picea,1,500,-0.795979991455328,23
40791,Pinus,2,1000,-0.8897519567985466,23
40791,Tsuga,6,3000,-0.660243919527367,23
40791,Betula,1,500,0.8467026414661952,23
40791,Quercus,0,0,0.6901695440804364,23
40791,Fagus,1,500,0.8294298651903297,23
40791,Acer,0,0,0.8038658625552174,23
40793,Picea,1,500,-0.8982346190926875,26
40793,Pinus,4,2000,-0.8757807534856531,26
40793,Tsuga,0,0,0.6577438378369335,26
40793,Betula,1,500,0.515190108866093,26
40793,Quercus,2,1000,0.9270246943476608,26
40793,Fagus,5,2500,0.7412274721396688,26
40793,Alnus,6,3000,-0.5818279598214761,26
40799,Picea,0,0,-0.9473129042519706,28
40799,Pinus,6,3000,-0.8313675485855557,28
40799,Tsuga,6,3000,-0.46957688790351,28
40799,Betula,6,3000,0.3546969870249257,28
40799,Quercus,1,500,0.8463784642299153,28
40799,Fagus,5,2500,0.6919238837169281,28
40799,Alnus,2,1000,-0.724755598534435,28
40803,Picea,0,0,-0.8927935552164088,27
40803,Pinus,4,2000,-0.969889024498891,27
40803,Tsuga,0,0,0.5488271277687327,27
40803,Betula,6,3000,0.6557465592727294,27
40803,Quercus,1,500,0.8683958924375829,27
40803,Fagus,4,2000,0.48019769089645997,27
40803,Alnus,1,500,-0.7487107595047521,27
40854,Picea,1,500,-0.8122972944075434,27
40854,Pinus,5,2500,-0.9227997259377071,27
40854,Tsuga,0,0,0.6106620077205056,27
40854,Betula,5,2500,0.7681608885347636,27
40854,Quercus,3,1500,0.9174125885408889,27
40854,Fagus,3,1500,0.7685232052116302,27
40875,Picea,0,0,-0.9238211501277034,25
40875,Pinus,1,500,-0.7388644079686264,25
40875,Tsuga,0,0,0.7131046149445187,25
40875,Betula,0,0,0.3226170374267353,25
40875,Quercus,0,0,0.6283940930015124,25
40875,Fagus,0,0,0.6602314354712489,25
40875,Fraxinus,2,1000,0.5357546115717796,25
40875,Carya,4,2000,0.7531585645965425,25
40875,Acer,4,2000,0.5293445793095641,25
40914,Picea,0,0,-0.8725226536948502,28
40914,Pinus,6,3000,-0.8873191543187363,28
40914,Tsuga,0,0,0.4696744489064139,28
40914,Betula,6,3000,0.7690233750201,28
40914,Quercus,6,3000,-0.8769590251626319,28
40914,Fagus,6,3000,0.7741116853188118,28
40914,Acer,0,0,0.8052695967511723,28
40914,Alnus,2,1000,-0.6843584913049087,28
40988,Picea,0,0,-0.8243184016421572,26
40988,Pinus,6,3000,-0.9244119439109815,26
40988,Tsuga,1,500,0.675299775545367,26
40988,Betula,6,3000,0.7561440294320622,26
40988,Quercus,0,0,0.6557999893948371,26
40988,Fagus,6,3000,0.8409741164994969,26
40992,Picea,3,1500,-0.8714615376413346,26
40992,Pinus,5,2500,-0.9403488822055401,26
40992,Tsuga,3,1500,0.7418571018857126,26
40992,Betula,6,3000,0.8068547579207894,26
40992,Quercus,0,0,0.6369782785339287,26
40992,Fagus,6,3000,0.9497757641139357,26
48685,Picea,0,0,-0.9061258545208364,28
48685,Pinus,0,0,0.716455520166387,28
48685,Quercus,0,0,0.908376358773356,28
48685,Fraxinus,1,500,-0.9221435765082627,28
48685,Ulmus,6,3000,-0.9620079145079651,28
48685,Carya,0,0,0.7513138171332683,28
66703,Pinus,6,3000,0.7910413674893079,20
66703,Quercus,6,3000,-0.6703524589153422,20
66703,Fagus,5,2500,-0.9516860492250863,20
66703,Carya,6,3000,-0.677639961788271,20
