genus,n_sites,rate_m_per_yr,ci_low,ci_high,p
Pinus,20,,,,0.4000766399032387
Tsuga,29,131.7447390208198,85.24581089886037,191.74761245208978,0.0002548768311217438
Betula,27,,,,0.38305480412913717
Quercus,43,270.82474889978,169.48913690888554,458.65162605698384,1.305042229836231e-05
Fagus,34,,,,0.1283206889346549
Fraxinus,11,,,,0.223301494060163
Ulmus,24,,,,0.7644391028763999
Carya,15,145.04545970020956,102.36884762828923,529.3488783287578,0.01467780345186237
Acer,12,,,,0.7951528663566118
Alnus,19,,,,0.2586195471228371
