site_id,bin_age,scd_to_modern,no_analogue
203,250.0,0.11069165296438421,True
203,750.0,0.13974284396656822,True
203,1250.0,0.17855451424450863,True
203,1750.0,0.2006279571773384,True
203,2250.0,0.15114502552498843,True
203,2750.0,0.17719819190854258,True
203,3250.0,0.15161201465413243,True
203,3750.0,0.19487047858612416,True
203,4250.0,0.1948704647060009,True
203,4750.0,0.16819945801276837,True
203,5250.0,0.14003852914963644,True
203,5750.0,0.2087642847126645,True
203,6750.0,0.15251388158167511,True
203,7250.0,0.16296285047101833,True
203,8750.0,0.15467065780829503,True
203,9250.0,0.05848241589527503,False
203,9750.0,0.054061768942348154,False
203,11250.0,0.0806917407183636,True
203,12250.0,0.08377356695436844,True
203,12750.0,0.1256577749622776,True
203,13250.0,0.2041940332221579,True
203,13750.0,0.23581982786658684,True
203,14250.0,0.2587468521457694,True
203,14750.0,0.1852671531966783,True
254,250.0,0.062027867863159836,False
254,750.0,0.09419135818063729,True
254,1250.0,0.10886371947745621,True
254,1750.0,0.14414369114531733,True
254,2250.0,0.11028555537267692,True
254,2750.0,0.05698314320886433,False
254,3250.0,0.07722083578577577,True
254,3750.0,0.08457886337971288,True
254,4250.0,0.11924204425103402,True
254,4750.0,0.2587996667668875,True
254,5750.0,0.17266470370283615,True
254,6750.0,0.1261089057848408,True
254,8250.0,0.1800550162790484,True
254,9250.0,0.07407647808027429,True
254,10250.0,0.0806063914294497,True
254,10750.0,0.09207091361208986,True
254,11250.0,0.12091979897784033,True
254,11750.0,0.20174236914421506,True
254,12250.0,0.1541564779619582,True
254,12750.0,0.07749269289898586,True
254,13250.0,0.04920011961607851,False
254,13750.0,0.049593847041393246,False
254,14250.0,0.0839967170135607,True
254,14750.0,0.0748262310759209,True
260,250.0,0.01886005949016467,False
260,750.0,0.03355772528147738,False
260,1250.0,0.05075145260285474,False
260,1750.0,0.0634010898614481,False
260,2250.0,0.10020910339272504,True
260,2750.0,0.06083433156155249,False
260,3250.0,0.06653679153135705,True
260,3750.0,0.08758588586473848,True
260,4250.0,0.10081929658445388,True
260,4750.0,0.11809295845255119,True
260,5250.0,0.09680728737681821,True
260,5750.0,0.09099132985723712,True
260,6250.0,0.11623375452569862,True
260,6750.0,0.09651851219057761,True
260,7250.0,0.04343266323691486,False
260,7750.0,0.07535039783503428,True
260,8250.0,0.11475913249278036,True
260,8750.0,0.10032643620184523,True
260,9750.0,0.07649797437362515,True
260,10250.0,0.05407226235775697,False
260,10750.0,0.06723472151270804,True
260,11250.0,0.1309619540078446,True
260,11750.0,0.07104926971581582,True
316,750.0,0.03295389494020218,False
316,1250.0,0.026572024881297507,False
316,1750.0,0.034732088869911415,False
316,2250.0,0.039390079251421906,False
316,3250.0,0.056051614219056134,False
316,3750.0,0.04618687144577782,False
316,4250.0,0.040997060854814915,False
316,4750.0,0.05105231242448438,False
316,5250.0,0.08631464291855706,True
316,6250.0,0.06226864401922905,False
316,6750.0,0.054888344453885685,False
316,7250.0,0.06270716864239012,False
316,7750.0,0.1378470931863871,True
316,8750.0,0.12598953967262805,True
316,9750.0,0.10248206775506352,True
316,10250.0,0.19719194556860775,True
316,10750.0,0.14254539380620623,True
316,11250.0,0.1725220956500635,True
316,11750.0,0.17110180528233343,True
316,12250.0,0.1736693414931174,True
316,12750.0,0.14978624514849614,True
316,13250.0,0.15028406272250194,True
316,13750.0,0.1627818984377718,True
316,14250.0,0.055086848982520475,False
316,14750.0,0.09820928444085664,True
367,250.0,0.014272801168889293,False
367,750.0,0.012033027827682341,False
367,1750.0,0.008826629140546993,False
367,2250.0,0.008609913254161494,False
367,3250.0,0.006366539817108441,False
367,3750.0,0.009211019597214598,False
367,4750.0,0.011485832283069097,False
367,5750.0,0.011601422971893482,False
367,6250.0,0.012611314005796403,False
367,6750.0,0.010969866184816324,False
367,7250.0,0.008538777288755073,False
367,7750.0,0.010489264404988763,False
367,8250.0,0.012727109510411783,False
367,8750.0,0.012873544964114636,False
367,9250.0,0.007677413200821048,False
367,9750.0,0.014742842967118586,False
367,10250.0,0.012785083807489439,False
367,10750.0,0.03381746911922834,False
490,250.0,0.12109083078389271,True
490,750.0,0.17790435438219787,True
490,1250.0,0.20106406618049655,True
490,1750.0,0.1926837360621685,True
490,2250.0,0.10317552314626455,True
490,2750.0,0.05217894917266919,False
490,3250.0,0.057335351787387134,False
490,3750.0,0.07631587073229773,True
490,4250.0,0.04861365781584692,False
490,4750.0,0.054910090782670506,False
490,5250.0,0.0791881491940647,True
490,5750.0,0.06369646115727368,False
490,6250.0,0.08921447953784134,True
490,6750.0,0.10039415828675335,True
490,7250.0,0.07210328414314215,True
490,7750.0,0.06106499307722868,False
490,8250.0,0.04493937133667858,False
490,8750.0,0.04778684733529737,False
490,9250.0,0.04388097481815456,False
490,9750.0,0.050074172333435474,False
490,10250.0,0.12139775396498509,True
490,10750.0,0.286190528542702,True
490,11250.0,0.22106819030099034,True
490,11750.0,0.21653920809446037,True
490,12250.0,0.18878918157544944,True
490,12750.0,0.19356376288726174,True
490,13250.0,0.1509766738396887,True
490,13750.0,0.166567426726834,True
490,14750.0,0.14624853466515964,True
518,250.0,0.049175930356686326,False
518,750.0,0.09332809413470788,True
518,1250.0,0.10386243666231998,True
518,1750.0,0.08619571536464932,True
518,2250.0,0.08822749864536772,True
518,2750.0,0.09519422971739266,True
518,3250.0,0.15988528247686928,True
518,3750.0,0.07511138693590347,True
518,4250.0,0.0680691797006483,True
518,4750.0,0.06828926485168596,True
518,5250.0,0.10933310340332314,True
518,5750.0,0.05715808568441916,False
518,6750.0,0.12668603136659717,True
518,7250.0,0.0766447687537839,True
518,8250.0,0.11301847474116,True
518,8750.0,0.12266116062545107,True
518,9250.0,0.18954803680695953,True
518,10250.0,0.22776347212804082,True
518,10750.0,0.2324294509438658,True
518,12250.0,0.12275209061549641,True
518,13250.0,0.05958017731576137,False
518,13750.0,0.09764862506469885,True
518,14750.0,0.04994515544676914,False
523,250.0,0.03628989840098429,False
523,1250.0,0.026618600636835188,False
523,2250.0,0.035747986211944305,False
523,3250.0,0.026179665444507894,False
523,3750.0,0.03878307467391995,False
523,4250.0,0.04750050879812906,False
523,5250.0,0.06687883763889513,True
523,5750.0,0.043018272444736994,False
523,6750.0,0.047226718604343354,False
523,7250.0,0.03946319634240836,False
523,7750.0,0.050957911795073585,False
523,8250.0,0.05786966364450352,False
523,8750.0,0.11177573885815217,True
523,9250.0,0.06398907927166131,False
523,9750.0,0.09056288964942483,True
523,10250.0,0.14540024108561433,True
523,10750.0,0.10569877465016875,True
523,11750.0,0.0889336923941213,True
523,12250.0,0.08434734709277159,True
523,12750.0,0.06357357021953458,False
523,13250.0,0.0657483325161925,False
523,13750.0,0.04604990868348158,False
523,14250.0,0.030227965520868594,False
523,14750.0,0.026871833667945433,False
539,250.0,0.03131986135284426,False
539,750.0,0.022022459815030038,False
539,1750.0,0.022405776027407676,False
539,2250.0,0.010742708786066979,False
539,2750.0,0.017625956270269194,False
539,3250.0,0.02303737473569245,False
539,3750.0,0.023033408020177948,False
539,4250.0,0.00996253002198233,False
539,4750.0,0.014836123885554553,False
539,5250.0,0.04249703775389713,False
539,6250.0,0.028826619104010298,False
539,6750.0,0.0276301813316997,False
539,7250.0,0.022493071365561113,False
539,7750.0,0.03965848538523309,False
539,8250.0,0.05436719224728348,False
539,8750.0,0.04232681002055294,False
539,9250.0,0.041959662958849675,False
539,10250.0,0.052919215743405745,False
539,10750.0,0.06632403133369635,True
539,11250.0,0.03398752739297839,False
539,11750.0,0.06573584139440691,False
539,12250.0,0.10045734565797382,True
539,12750.0,0.1477841397113948,True
539,13250.0,0.16579081138306195,True
539,13750.0,0.12093370414066573,True
539,14250.0,0.1563537561097681,True
539,14750.0,0.22178981065247383,True
679,250.0,0.05732350707575096,False
679,750.0,0.06122677623450912,False
679,1250.0,0.07074400947562198,True
679,1750.0,0.06493491732080625,False
679,2250.0,0.118840691868775,True
679,2750.0,0.14703024908722107,True
679,3250.0,0.1486354040584843,True
679,3750.0,0.12300478114153823,True
679,4250.0,0.15997437607145892,True
679,4750.0,0.1993032397375769,True
679,5250.0,0.19048227214887614,True
679,5750.0,0.26377662700308013,True
679,6250.0,0.23975393613486462,True
679,6750.0,0.14906590679601361,True
679,7250.0,0.09846389953778312,True
679,7750.0,0.05099017531430139,False
679,8250.0,0.0644167130450104,False
679,8750.0,0.04970281883713068,False
679,9250.0,0.10977162640110483,True
679,9750.0,0.07492542764624788,True
679,10250.0,0.14187810483155672,True
679,10750.0,0.08568054852532314,True
679,11250.0,0.12420384205830093,True
679,11750.0,0.24242378343006332,True
785,250.0,0.06691976502719843,True
785,750.0,0.09138959239247435,True
785,1250.0,0.11270657844327725,True
785,1750.0,0.1509567099805671,True
785,2250.0,0.10534405173493111,True
785,2750.0,0.12198697615574416,True
785,3250.0,0.09147842254488525,True
785,3750.0,0.10670919947808466,True
785,4250.0,0.12004322845694482,True
785,4750.0,0.08875106187343174,True
785,5250.0,0.14024543211475904,True
785,5750.0,0.16603309875380412,True
785,6250.0,0.18159647546746305,True
785,6750.0,0.060869608900183,False
785,7250.0,0.058854463095960874,False
785,7750.0,0.0754176961676738,True
785,8250.0,0.11138972791464341,True
785,8750.0,0.09242920519292963,True
785,9250.0,0.07266733166895323,True
785,9750.0,0.11524967386466045,True
785,10250.0,0.06456807586452817,False
785,10750.0,0.09965191903500892,True
785,11250.0,0.13247191355500565,True
785,11750.0,0.11792599837037221,True
785,12250.0,0.0911041919331379,True
785,12750.0,0.09389191142409148,True
785,13250.0,0.14132731320984404,True
785,13750.0,0.08463287345653026,True
785,14250.0,0.07816367462750962,True
785,14750.0,0.13044175617346365,True
805,250.0,0.042733978078455026,False
805,1250.0,0.11312759715393184,True
805,1750.0,0.11676584700351822,True
805,2250.0,0.08200623974033672,True
805,2750.0,0.09534887950563387,True
805,3250.0,0.06805669998645847,True
805,3750.0,0.05707491601733139,False
805,4250.0,0.06791820388778147,True
805,4750.0,0.04188061789680142,False
805,5250.0,0.05195511934330854,False
805,5750.0,0.06361993178196057,False
805,6250.0,0.1149726575343668,True
805,6750.0,0.11515419198313603,True
805,7250.0,0.12429070736928005,True
805,7750.0,0.0964434685097102,True
805,8250.0,0.0774907933812794,True
805,8750.0,0.08079367980589969,True
805,9250.0,0.058932596607879084,False
805,9750.0,0.0793013113012806,True
805,10250.0,0.08327792906127063,True
805,10750.0,0.1263925025225634,True
805,11750.0,0.1717625042309343,True
805,12250.0,0.15571234049984772,True
805,13250.0,0.115366504049635,True
805,14750.0,0.11657241497329784,True
847,250.0,0.05741684755565002,False
847,750.0,0.17851949019848878,True
847,1250.0,0.14665046727155717,True
847,1750.0,0.2134505310857302,True
847,2250.0,0.23546310108525437,True
847,2750.0,0.2433004865877646,True
847,3250.0,0.2865947227807226,True
847,4250.0,0.15962234101566875,True
847,5250.0,0.22245974988723383,True
847,6250.0,0.18100862233344484,True
847,6750.0,0.25313884793581964,True
847,7750.0,0.19127768744930695,True
847,8250.0,0.12360709704989059,True
847,9250.0,0.0905229519982107,True
847,9750.0,0.11152813585657118,True
847,10250.0,0.10774465141562595,True
847,11250.0,0.06467330589240805,False
847,11750.0,0.168601076692932,True
847,12250.0,0.21344373293908458,True
860,250.0,0.05556806772516776,False
860,1250.0,0.06708997999125588,True
860,1750.0,0.08437906897683312,True
860,2250.0,0.1111448366143204,True
860,2750.0,0.10746097155786405,True
860,3250.0,0.12342257630480047,True
860,3750.0,0.09425384622284882,True
860,4250.0,0.08952807391756035,True
860,4750.0,0.08764833498032076,True
860,5750.0,0.08070287852689906,True
860,6250.0,0.09459720471886701,True
860,6750.0,0.12240265519591431,True
860,7250.0,0.04113318502822216,False
860,7750.0,0.05562667671979593,False
860,8250.0,0.08082585219625482,True
860,8750.0,0.0524267118229238,False
860,9250.0,0.06276905706407332,False
860,9750.0,0.11202998027820965,True
860,10250.0,0.12950510894288758,True
860,10750.0,0.24556503377246708,True
860,11250.0,0.2058653982467602,True
860,11750.0,0.18603274847985918,True
860,12250.0,0.26192585383648237,True
860,13250.0,0.32893918772192676,True
860,13750.0,0.23805690410947689,True
860,14750.0,0.28256496471632686,True
999,250.0,0.08512874710364349,True
999,750.0,0.12929161452926752,True
999,1250.0,0.13921698791583625,True
999,1750.0,0.15980200689067692,True
999,2250.0,0.13243795622155652,True
999,2750.0,0.13097792394340502,True
999,3250.0,0.20401969697648936,True
999,3750.0,0.11317504288861935,True
999,4250.0,0.14894693308623963,True
999,4750.0,0.10155904979277763,True
999,5250.0,0.09842939068707879,True
999,6250.0,0.12057782246697246,True
999,6750.0,0.08220264672201916,True
999,7250.0,0.12269635350562003,True
999,7750.0,0.19981319788468843,True
999,8250.0,0.24028657743312376,True
999,8750.0,0.23451039547132613,True
999,9250.0,0.07083525550268943,True
999,9750.0,0.05039631467383687,False
999,10250.0,0.08819934763302739,True
999,10750.0,0.02801710382306344,False
999,11750.0,0.016157521179724466,False
999,12250.0,0.03523256716857959,False
999,12750.0,0.013791159619294335,False
999,13250.0,0.01803311529587237,False
999,13750.0,0.032373308407242174,False
999,14250.0,0.013262695223892784,False
1004,1750.0,0.09444222786319445,True
1004,2750.0,0.05811943093366145,False
1004,3250.0,0.04900600022393853,False
1004,4250.0,0.03694108962555642,False
1004,5250.0,0.09947671313958284,True
1004,5750.0,0.08789871710518615,True
1004,6250.0,0.08161004501238,True
1004,6750.0,0.05116945365070391,False
1004,7250.0,0.05926853881468008,False
1004,8250.0,0.04343597053719117,False
1004,8750.0,0.08971664542461344,True
1004,9250.0,0.08238419615105474,True
1004,9750.0,0.22127799880665777,True
1004,10250.0,0.20671976367690714,True
1004,10750.0,0.1541974775440742,True
1004,11250.0,0.14097668739230373,True
1004,11750.0,0.11472127981207492,True
1004,12750.0,0.13578655385075789,True
1004,13750.0,0.12446479633519703,True
1004,14250.0,0.09196803967480038,True
1153,250.0,0.031513093468461095,False
1153,750.0,0.04717234291148187,False
1153,1250.0,0.02981024962387413,False
1153,1750.0,0.030746980797429435,False
1153,2250.0,0.022983858514315836,False
1153,2750.0,0.027115089241519286,False
1153,3250.0,0.018899313364911574,False
1153,3750.0,0.015832768294246513,False
1153,4250.0,0.06669657723501721,True
1153,4750.0,0.10831028728184,True
1153,5250.0,0.1158265243037635,True
1153,5750.0,0.03163099316921647,False
1153,6250.0,0.0698170836017149,True
1153,6750.0,0.033275586513035194,False
1153,7250.0,0.028356977082161006,False
1153,7750.0,0.06644301691291021,True
1153,8250.0,0.04930596408897836,False
1153,8750.0,0.06456156875691099,False
1153,9250.0,0.06344207241267075,False
1153,9750.0,0.06502222618329578,False
1153,10250.0,0.09340230812147343,True
1153,10750.0,0.13102834178443046,True
1153,11250.0,0.08623193413064789,True
1153,12250.0,0.08082837143798205,True
1160,250.0,0.0278297736856985,False
1160,750.0,0.03231238682788873,False
1160,1750.0,0.042978803228509,False
1160,2250.0,0.03795868641810696,False
1160,3250.0,0.023675763512946757,False
1160,3750.0,0.030931317893023946,False
1160,4750.0,0.038191945237968206,False
1160,5250.0,0.05023409026177994,False
1160,6250.0,0.03953507252249144,False
1160,6750.0,0.09213810301175962,True
1160,7750.0,0.06667352630952106,True
1160,8250.0,0.07585794976956617,True
1160,9250.0,0.0548699376270525,False
1160,9750.0,0.0707450544072783,True
1160,10250.0,0.13294633147344137,True
1160,10750.0,0.08486394354930615,True
1160,11250.0,0.20528259327955412,True
1160,11750.0,0.15134558641346207,True
1160,12250.0,0.14237440729968442,True
1160,12750.0,0.13592149714049429,True
1160,13750.0,0.19484763966351526,True
1160,14250.0,0.12482563825366544,True
1448,250.0,0.06152080363079637,False
1448,750.0,0.08683249862447306,True
1448,1250.0,0.063405023532912,False
1448,1750.0,0.08058165431702213,True
1448,2250.0,0.06871142533115893,True
1448,2750.0,0.07014205328111678,True
1448,3250.0,0.05964478200794554,False
1448,3750.0,0.07651461247663871,True
1448,4250.0,0.06894702562941735,True
1448,4750.0,0.05687162235599996,False
1448,5250.0,0.04373789451174859,False
1448,5750.0,0.06967229385198048,True
1448,6250.0,0.10506693041276938,True
1448,6750.0,0.10596879589727437,True
1448,7250.0,0.09792154392078634,True
1448,7750.0,0.06667878794194237,True
1448,8250.0,0.09031151746235966,True
1448,8750.0,0.05119106231572346,False
1448,9250.0,0.05889229094246429,False
1448,9750.0,0.12716681273345265,True
1448,10250.0,0.12667443540679502,True
1448,10750.0,0.21022570354512937,True
1448,11250.0,0.16869832959105402,True
1448,11750.0,0.1452574701253071,True
1448,12250.0,0.14365487612209082,True
1448,12750.0,0.16166094070120884,True
1448,13250.0,0.247650619895331,True
1448,13750.0,0.22951061801774775,True
1448,14250.0,0.25683581943806844,True
1633,250.0,0.020281991924117948,False
1633,750.0,0.052784413689205945,False
1633,1250.0,0.03696374535718028,False
1633,2250.0,0.026132454924428616,False
1633,2750.0,0.037709166331705735,False
1633,3250.0,0.04159537591314977,False
1633,3750.0,0.030910974929393875,False
1633,4250.0,0.04859158256439944,False
1633,5250.0,0.03473266486946014,False
1633,6250.0,0.04154506111605616,False
1633,7250.0,0.0354117607550577,False
1633,7750.0,0.04890462410813168,False
1633,8750.0,0.08845699131850004,True
1633,9250.0,0.11015867114706235,True
1633,9750.0,0.11630244533012002,True
1633,10250.0,0.0639141381619126,False
1633,10750.0,0.1996153801030418,True
1633,11250.0,0.16639248423040343,True
1633,12250.0,0.277256550386056,True
1633,13250.0,0.2486841847831356,True
1643,250.0,0.03135452727553134,False
1643,750.0,0.05970689626646375,False
1643,1250.0,0.050100164128720204,False
1643,1750.0,0.05900589817678226,False
1643,2250.0,0.04904398287240719,False
1643,3250.0,0.05947563012841761,False
1643,4750.0,0.024425077189155875,False
1643,5750.0,0.04590460959157383,False
1643,7750.0,0.04641637581462876,False
1643,9250.0,0.054998086796223644,False
1643,10750.0,0.07856925066342568,True
1643,12750.0,0.0523446008004822,False
1643,14250.0,0.06167308118532855,False
1824,250.0,0.02196382934899721,False
1824,750.0,0.022854917427231447,False
1824,1250.0,0.03150792956577608,False
1824,1750.0,0.03637308180353771,False
1824,2250.0,0.0159684482413458,False
1824,2750.0,0.018485922731669158,False
1824,3250.0,0.020378230321221658,False
1824,3750.0,0.02733943761825408,False
1824,4250.0,0.020461837882226552,False
1824,4750.0,0.023029765723084905,False
1824,5250.0,0.019539967105134837,False
1824,5750.0,0.021791764294630145,False
1824,6250.0,0.02406686247824874,False
1824,6750.0,0.02781139055877535,False
1824,7250.0,0.0226222147999231,False
1824,7750.0,0.0249855189115753,False
1824,8250.0,0.025044183545690712,False
1824,8750.0,0.03110794810689299,False
1824,9250.0,0.08338278574470825,True
1824,9750.0,0.10497783815577777,True
1824,10250.0,0.18925976090193775,True
1824,10750.0,0.19704903186682188,True
1824,11250.0,0.20099784203651483,True
1824,11750.0,0.17249847331804524,True
1824,12250.0,0.21452876314101288,True
1824,12750.0,0.16496751832213596,True
1824,13250.0,0.16519015434675288,True
1824,13750.0,0.1584287073526911,True
1824,14250.0,0.1301109477278639,True
1961,250.0,0.06987768134782413,True
1961,750.0,0.06369218631276707,False
1961,1250.0,0.13645555922502228,True
1961,1750.0,0.1170535389103804,True
1961,2250.0,0.08385343352600327,True
1961,2750.0,0.10713810721599182,True
1961,3250.0,0.11257139102506453,True
1961,3750.0,0.115413232958673,True
1961,4250.0,0.14909590915883086,True
1961,4750.0,0.08721146941000879,True
1961,5250.0,0.082410413704751,True
1961,5750.0,0.1103870693140585,True
1961,6250.0,0.08933176410386356,True
1961,6750.0,0.05561161668189252,False
1961,7250.0,0.06153915740514049,False
1961,7750.0,0.05611269063395974,False
1961,8250.0,0.06081418682619644,False
1961,8750.0,0.11247920819974011,True
1961,9250.0,0.0627700408264924,False
1961,9750.0,0.11026549152317555,True
1961,10250.0,0.031504100040617544,False
1961,10750.0,0.06979626602248756,True
1961,11250.0,0.07471122108954353,True
1961,12250.0,0.16381296064101747,True
1961,13250.0,0.09092719871182098,True
1966,250.0,0.014187947814775725,False
1966,750.0,0.01673293080900007,False
1966,1250.0,0.017883398091370184,False
1966,1750.0,0.029382070203076704,False
1966,2250.0,0.03553487935739197,False
1966,2750.0,0.024517931201551324,False
1966,3250.0,0.01762229214007549,False
1966,3750.0,0.06101401544742169,False
1966,4250.0,0.04509915820894772,False
1966,4750.0,0.038418580131520885,False
1966,5250.0,0.03521358330445512,False
1966,5750.0,0.04051446917947121,False
1966,6250.0,0.023420617016231216,False
1966,6750.0,0.0393212086520387,False
1966,7250.0,0.04270082725385582,False
1966,7750.0,0.049349085149868355,False
1966,8250.0,0.08942737759244457,True
1966,8750.0,0.04446904334353308,False
1966,9250.0,0.03873432472442406,False
1966,9750.0,0.06040291896002836,False
1966,10250.0,0.09909925571169187,True
1966,10750.0,0.1603095472448619,True
1966,11250.0,0.13046873613809162,True
2053,250.0,0.03162379745356514,False
2053,750.0,0.039538415271316074,False
2053,1250.0,0.02547709194951242,False
2053,1750.0,0.027296424369788852,False
2053,2250.0,0.030109950449788814,False
2053,2750.0,0.03074351692748678,False
2053,3250.0,0.030323065114152392,False
2053,3750.0,0.03374899772609119,False
2053,4250.0,0.03597491312820855,False
2053,4750.0,0.013592073969740825,False
2053,5250.0,0.02052613373423573,False
2053,5750.0,0.035946937536202705,False
2053,6250.0,0.02659856836109875,False
2053,6750.0,0.013793904338000651,False
2053,7250.0,0.03337773870131966,False
2053,7750.0,0.050642854635220225,False
2053,8250.0,0.055477609136102446,False
2053,8750.0,0.09493149221375274,True
2053,9250.0,0.0918874189018073,True
2053,9750.0,0.14298417900395832,True
2053,10250.0,0.1518903621028007,True
2053,10750.0,0.1283517849206688,True
2053,11250.0,0.21116156629936755,True
2385,250.0,0.05012913472752101,False
2385,750.0,0.11980892540181509,True
2385,1250.0,0.1293524263871182,True
2385,1750.0,0.10063312200919006,True
2385,2250.0,0.09720756335400238,True
2385,2750.0,0.17276604141204666,True
2385,3250.0,0.09677289591694627,True
2385,3750.0,0.16675861131276526,True
2385,4250.0,0.11613966346294302,True
2385,4750.0,0.1532959793830948,True
2385,5250.0,0.12641399268099884,True
2385,5750.0,0.0761046900350284,True
2385,6250.0,0.09242738985398602,True
2385,6750.0,0.11336885994618795,True
2385,7750.0,0.08489164173330632,True
2385,8750.0,0.10242361933161082,True
2385,9250.0,0.10566705841392632,True
2385,10250.0,0.08032870300475259,True
2385,10750.0,0.17033674967177692,True
2385,11250.0,0.1417837709630927,True
2385,11750.0,0.23078141084858927,True
2385,12250.0,0.08875427916882561,True
2385,12750.0,0.09870663720667516,True
2385,13250.0,0.1540505447592211,True
2385,13750.0,0.09755247041205362,True
2385,14250.0,0.1541749416124012,True
2385,14750.0,0.0911098337687497,True
2586,250.0,0.04327297615995196,False
2586,750.0,0.04929932657655267,False
2586,1250.0,0.05181427126974092,False
2586,1750.0,0.06058310909679743,False
2586,2250.0,0.037532530687513166,False
2586,2750.0,0.04457563039826584,False
2586,3250.0,0.046875793953743417,False
2586,3750.0,0.016520456171505993,False
2586,4250.0,0.02666148108756272,False
2586,4750.0,0.03357565924667849,False
2586,5250.0,0.026281478278631143,False
2586,5750.0,0.03944284441990864,False
2586,6250.0,0.031657641951562177,False
2586,6750.0,0.08316165563803568,True
2586,7250.0,0.0510720783909806,False
2586,7750.0,0.04170854012788672,False
2586,8250.0,0.04893457293048287,False
2586,8750.0,0.028761086635369804,False
2586,9250.0,0.041092619149767584,False
2586,9750.0,0.05060617628575814,False
2586,10250.0,0.097901108878095,True
2586,10750.0,0.1261447750040754,True
2586,11250.0,0.10345610474867573,True
2586,11750.0,0.12755776845139688,True
2623,250.0,0.029950290682342562,False
2623,750.0,0.02185715834587154,False
2623,1750.0,0.03599005298747948,False
2623,2750.0,0.03298061468158897,False
2623,3750.0,0.03790443754589412,False
2623,4250.0,0.042305230695077745,False
2623,5250.0,0.024375710244974425,False
2623,6250.0,0.05005422631707224,False
2623,7250.0,0.03295520486071224,False
2623,8750.0,0.06583013403385962,False
2623,9250.0,0.0758550582179951,True
2623,9750.0,0.06655715365841153,True
2623,10250.0,0.06322245539795279,False
2623,10750.0,0.0721966641923133,True
2623,11250.0,0.04994807109247201,False
2623,11750.0,0.09504810756103677,True
2626,250.0,0.052517506945244374,False
2626,750.0,0.08509670456112683,True
2626,1250.0,0.06374090246018094,False
2626,1750.0,0.0717586913394479,True
2626,2250.0,0.08342242425098778,True
2626,2750.0,0.08238803697833252,True
2626,3250.0,0.0747100466225814,True
2626,3750.0,0.1178274494200593,True
2626,4250.0,0.08313142147802477,True
2626,4750.0,0.1169968999952522,True
2626,5250.0,0.17310116970344658,True
2626,5750.0,0.20769280073863539,True
2626,6250.0,0.20390154947150063,True
2626,6750.0,0.20067709245269172,True
2626,7250.0,0.15229869661291318,True
2626,7750.0,0.19256284415280378,True
2626,8250.0,0.16542702972446244,True
2626,8750.0,0.18417063093266806,True
2626,9250.0,0.1457115907407207,True
2626,9750.0,0.10187441339199177,True
2626,10250.0,0.06876733871672647,True
2626,10750.0,0.08311567550504351,True
2626,11250.0,0.10175259657547708,True
2626,11750.0,0.1033631500833272,True
2626,12250.0,0.0797294559785553,True
2626,12750.0,0.09402942472968179,True
2626,13250.0,0.07728905341527614,True
2626,13750.0,0.040438614284834085,False
2626,14250.0,0.06153024473432511,False
2626,14750.0,0.04919344609580745,False
2638,250.0,0.04286325137202551,False
2638,750.0,0.037736864782377255,False
2638,1250.0,0.05632300539747104,False
2638,1750.0,0.04399067448789351,False
2638,2250.0,0.04926420609232629,False
2638,2750.0,0.0355420021817503,False
2638,3250.0,0.032396746879340466,False
2638,3750.0,0.027978093582459174,False
2638,4250.0,0.0289013456977798,False
2638,4750.0,0.023746744279695697,False
2638,5250.0,0.021259777328954677,False
2638,5750.0,0.021027114816564607,False
2638,6250.0,0.01957120326955275,False
2638,6750.0,0.03559580801122508,False
2638,7250.0,0.03878876264624109,False
2638,7750.0,0.0811436125877163,True
2638,8250.0,0.10773487978589036,True
2638,8750.0,0.21502513627621744,True
2888,250.0,0.05116570102684004,False
2888,750.0,0.03778380478506982,False
2888,1250.0,0.03596998654832495,False
2888,2750.0,0.05254465108858275,False
2888,4750.0,0.02848305345196489,False
2888,5250.0,0.026372558065200336,False
2888,5750.0,0.03697805882440264,False
2888,6750.0,0.01452570963243649,False
2888,7250.0,0.031108105016506293,False
2888,7750.0,0.030529918682648427,False
2888,8250.0,0.09699144657120895,True
2888,9750.0,0.0818797953445749,True
2888,10250.0,0.09695972861876956,True
2888,10750.0,0.1611827023360164,True
2888,11250.0,0.1008868793187303,True
2959,250.0,0.10081870944020932,True
2959,750.0,0.08679839323804317,True
2959,1250.0,0.10102240715216992,True
2959,1750.0,0.10912312984131955,True
2959,2250.0,0.12300314535665136,True
2959,2750.0,0.1114346089928615,True
2959,3250.0,0.11817623329959304,True
2959,3750.0,0.13514267116561407,True
2959,4250.0,0.13968033141540936,True
2959,4750.0,0.1366828701663627,True
2959,5250.0,0.14712384913729482,True
2959,5750.0,0.1538990629229937,True
2959,6250.0,0.16838844025208655,True
2959,6750.0,0.09637280397174997,True
2959,7250.0,0.13136219110365555,True
2959,7750.0,0.1697863499746084,True
2959,8250.0,0.11276492709161268,True
2959,8750.0,0.11715393921808648,True
2959,9250.0,0.04446639683448361,False
2959,9750.0,0.04460972507718575,False
2959,10250.0,0.05379735954746101,False
2959,10750.0,0.026193543269435127,False
2959,11250.0,0.03177020467435465,False
2959,11750.0,0.08122557125941121,True
2959,12250.0,0.08065457298927625,True
2959,12750.0,0.07952813457755314,True
2959,13250.0,0.15566947352570604,True
2959,13750.0,0.09146869032744731,True
2961,250.0,0.039207618348076956,False
2961,750.0,0.13889532004533445,True
2961,1250.0,0.1736485602843758,True
2961,1750.0,0.2838598763812832,True
2961,2250.0,0.1926126572219875,True
2961,2750.0,0.17878065537266474,True
2961,3250.0,0.13376207092821035,True
2961,3750.0,0.15096308361045385,True
2961,4250.0,0.10161754847789717,True
2961,4750.0,0.11459742196337941,True
2961,5250.0,0.14335039956753803,True
2961,5750.0,0.14555092309792372,True
2961,6750.0,0.25334733062156833,True
2961,7250.0,0.17246902460920444,True
2961,7750.0,0.0957412535031954,True
2961,8250.0,0.09915302896990053,True
2961,8750.0,0.03875966936435726,False
2961,9250.0,0.054684396608555064,False
2961,9750.0,0.08962742020674574,True
2961,10250.0,0.09779697230944895,True
2961,10750.0,0.09655604646686644,True
2961,11250.0,0.19827227084102672,True
2961,11750.0,0.2518421495500083,True
2961,12250.0,0.30259873864170417,True
2961,12750.0,0.23539683004781464,True
3031,250.0,0.01750304542222758,False
3031,750.0,0.024240645106112124,False
3031,1250.0,0.019198441910925235,False
3031,1750.0,0.012717335476632341,False
3031,2250.0,0.031935676514229794,False
3031,2750.0,0.02147682279570251,False
3031,3250.0,0.020314718130332254,False
3031,3750.0,0.015772602393595347,False
3031,4250.0,0.01586589843270403,False
3031,4750.0,0.013065614995655839,False
3031,5250.0,0.020908788741457407,False
3031,5750.0,0.01641613262728292,False
3031,6250.0,0.021000942352535912,False
3031,6750.0,0.012150072928508227,False
3031,7250.0,0.04092268928092557,False
3031,7750.0,0.03145810590797038,False
3031,8250.0,0.04478124307304032,False
3031,8750.0,0.0701373546207793,True
3031,9250.0,0.0854232946688851,True
3031,9750.0,0.14816140553476687,True
3031,10250.0,0.20947826650917079,True
3031,10750.0,0.22264050985682426,True
3031,11250.0,0.17759594214224528,True
3031,11750.0,0.24056248595436802,True
3035,250.0,0.03766415514810051,False
3035,750.0,0.04133147135095516,False
3035,1250.0,0.04234390582348002,False
3035,1750.0,0.029144287641583277,False
3035,2250.0,0.0465880454712333,False
3035,2750.0,0.03813532673274245,False
3035,3250.0,0.03335516020311258,False
3035,3750.0,0.03609482626087401,False
3035,4250.0,0.024934028289532062,False
3035,4750.0,0.03387478937850208,False
3035,5250.0,0.04372936659778359,False
3035,5750.0,0.028733468401402007,False
3035,6250.0,0.03372206818450918,False
3035,6750.0,0.04204554290662599,False
3035,7250.0,0.025621323505397475,False
3035,7750.0,0.055206013400994625,False
3035,8250.0,0.10183143827878327,True
3035,8750.0,0.1283636717871064,True
3035,9250.0,0.09991648875965753,True
3035,9750.0,0.0762806659549713,True
3035,10250.0,0.16320762299348845,True
3035,10750.0,0.15825239278415748,True
3035,11250.0,0.17434652945226858,True
3035,11750.0,0.21457940563233247,True
3035,12250.0,0.23541436551104278,True
3035,12750.0,0.17582462380267438,True
3035,13250.0,0.14974308489272814,True
3081,750.0,0.016469514610176317,False
3081,1250.0,0.017868418887673876,False
3081,1750.0,0.026097904641410707,False
3081,2250.0,0.025355884886856028,False
3081,2750.0,0.03899780803237807,False
3081,3750.0,0.027153089094537952,False
3081,4250.0,0.03316663459893321,False
3081,4750.0,0.033404875124215305,False
3081,5250.0,0.04003650801880343,False
3081,5750.0,0.02557114345824596,False
3081,6250.0,0.04827787901656211,False
3081,6750.0,0.05340237014088345,False
3081,7250.0,0.049293916444912655,False
3081,7750.0,0.055408999284406235,False
3081,8250.0,0.0629390053907033,False
3081,8750.0,0.10107706634369484,True
3081,9250.0,0.09637810421672444,True
3081,9750.0,0.09021856672482609,True
3081,10250.0,0.10159816045317882,True
3081,10750.0,0.10279681637861104,True
3081,11250.0,0.15261691467399263,True
3081,11750.0,0.21351871031843372,True
3081,12250.0,0.19502966157089263,True
3081,12750.0,0.19073511687252842,True
3081,13250.0,0.190473280544859,True
3081,13750.0,0.21194145554150046,True
3582,250.0,0.022522366787443904,False
3582,1250.0,0.02425080948310887,False
3582,2250.0,0.022178030268037885,False
3582,2750.0,0.02172562754159979,False
3582,3750.0,0.02009624248195596,False
3582,4750.0,0.02142014140294357,False
3582,5750.0,0.0173217902411118,False
3582,6250.0,0.030386238048780934,False
3582,7750.0,0.01645867326150441,False
3582,8250.0,0.04665053589621282,False
3582,8750.0,0.052664381561189355,False
3582,9750.0,0.03511404771225224,False
3582,10250.0,0.0906618967411934,True
3582,10750.0,0.031036263772328043,False
3582,11750.0,0.10123489813544317,True
3582,12250.0,0.017386737775060945,False
3582,12750.0,0.02425174992795509,False
3582,13250.0,0.01622715543777775,False
3582,13750.0,0.009648743247019587,False
3582,14750.0,0.033939895924189445,False
3831,250.0,0.09820715985611872,True
3831,750.0,0.07255329266585164,True
3831,1250.0,0.259313541195793,True
3831,1750.0,0.2034729653451317,True
3831,2250.0,0.12207240746430692,True
3831,3750.0,0.16218517476534533,True
3831,4250.0,0.1479848712133689,True
3831,4750.0,0.1327411699140404,True
3831,5250.0,0.0990966015910375,True
3831,5750.0,0.1246154417462888,True
3831,6250.0,0.17396872631672333,True
3831,6750.0,0.2498841342357725,True
3831,7250.0,0.11075875248795164,True
3831,7750.0,0.07128405017209505,True
3831,8250.0,0.08936259099759702,True
3831,9250.0,0.08232486519992133,True
3831,9750.0,0.12354306773357004,True
3831,10250.0,0.1516429702864608,True
3831,11250.0,0.06320842840760466,False
3831,12250.0,0.200724060067468,True
3831,14750.0,0.1650963356330255,True
3840,250.0,0.020965518805352135,False
3840,1250.0,0.03470446355782886,False
3840,2250.0,0.03628515821449674,False
3840,2750.0,0.0340814659268176,False
3840,3250.0,0.03327964514912396,False
3840,3750.0,0.035072034541464125,False
3840,4250.0,0.02197497287361183,False
3840,5250.0,0.06240597149897176,False
3840,5750.0,0.05358069792364284,False
3840,6250.0,0.050946120857813915,False
3840,6750.0,0.018297410737412978,False
3840,7250.0,0.06014927253191993,False
3840,7750.0,0.03769967925629847,False
3840,8250.0,0.07088213731610749,True
3840,8750.0,0.08328071409217719,True
3840,9250.0,0.09092297895538093,True
3840,9750.0,0.11103773820193563,True
3840,10250.0,0.18867321500235001,True
3840,10750.0,0.138496080839269,True
3840,11250.0,0.0781518469089173,True
3840,11750.0,0.07819293697888319,True
3840,12750.0,0.062052877342651414,False
3840,13250.0,0.10559768904865918,True
3840,13750.0,0.07960060501814392,True
3840,14250.0,0.09612745398084876,True
3840,14750.0,0.07947374321114808,True
15136,250.0,0.03452968077194862,False
15136,750.0,0.030215035781447686,False
15136,1250.0,0.034672062743684284,False
15136,1750.0,0.03821658385278215,False
15136,2250.0,0.041870656867419864,False
15136,2750.0,0.0478374580827714,False
15136,3250.0,0.043370480993124794,False
15136,3750.0,0.0455837773655412,False
15136,4250.0,0.044836656573884914,False
15136,4750.0,0.0511827022071929,False
15136,5250.0,0.05639852429571435,False
15136,5750.0,0.06111109124408998,False
15136,6250.0,0.04020091391588432,False
15136,6750.0,0.05616854520751979,False
15136,7250.0,0.048929305247426225,False
15136,7750.0,0.05191329891280971,False
15136,8250.0,0.046574216529998935,False
15136,8750.0,0.037592577649526726,False
15136,9250.0,0.05059056845622378,False
15136,9750.0,0.07558442900484241,True
15136,10250.0,0.08463790185598241,True
15136,10750.0,0.08099135967691606,True
15136,11250.0,0.11778837163114209,True
15136,11750.0,0.15738775138021532,True
15136,12250.0,0.06301987472860504,False
15136,12750.0,0.20171093915853788,True
15136,13250.0,0.23073477680866938,True
15136,13750.0,0.19609599923700927,True
15136,14250.0,0.17158110313872887,True
15142,250.0,0.03252286212339195,False
15142,750.0,0.03530106407289191,False
15142,2750.0,0.031076955936402806,False
15142,3250.0,0.024957195480288297,False
15142,3750.0,0.04332918038093836,False
15142,4750.0,0.046378606289358304,False
15142,5250.0,0.038826481544598446,False
15142,5750.0,0.044093183320269125,False
15142,6250.0,0.040641786103860156,False
15142,6750.0,0.02986492533128926,False
15142,7250.0,0.02295001236308436,False
15142,7750.0,0.03616274675556119,False
15142,8250.0,0.06229155361154759,False
15142,8750.0,0.04345138739234211,False
15142,9250.0,0.09243476890245605,True
15142,9750.0,0.04762521444246426,False
15142,10250.0,0.04269333774386452,False
15142,10750.0,0.03300100785507665,False
15142,11250.0,0.029627780395046432,False
15142,11750.0,0.0578134368251737,False
15142,12250.0,0.03173630231735669,False
15142,12750.0,0.059899333231715035,False
15142,13250.0,0.06889730319960141,True
15142,13750.0,0.07426843093544044,True
15142,14750.0,0.07207500769240038,True
15244,250.0,0.07968366751693234,True
15244,750.0,0.07306168784901912,True
15244,1250.0,0.04271915261967907,False
15244,1750.0,0.07110313607844487,True
15244,2250.0,0.12409957138764649,True
15244,2750.0,0.05698684361203887,False
15244,3250.0,0.025334452146267283,False
15244,3750.0,0.03649503900489037,False
15244,4250.0,0.13400530120688958,True
15244,4750.0,0.027207772533842656,False
15244,5250.0,0.02344172641054798,False
15244,5750.0,0.023451687494973728,False
15244,6250.0,0.03151082604093847,False
15244,6750.0,0.03289549902310873,False
15244,7250.0,0.039929688049217926,False
15244,7750.0,0.030295237590154844,False
15244,8750.0,0.011516281726922095,False
15244,9250.0,0.06756962716512538,True
15244,9750.0,0.07079181767844278,True
15244,10750.0,0.09074179366410795,True
15244,11250.0,0.12549491797786927,True
15244,12250.0,0.1253034871319234,True
15244,12750.0,0.09768596494143877,True
15244,13250.0,0.19516245376331987,True
15244,13750.0,0.40757022777799845,True
15286,250.0,0.026634849963412366,False
15286,2750.0,0.03327390814658049,False
15286,4250.0,0.03549836414565122,False
15286,5750.0,0.04002310342584292,False
15286,6250.0,0.045023765897651336,False
15286,6750.0,0.06079527727239409,False
15286,7250.0,0.05401775740513681,False
15286,7750.0,0.026857955415892976,False
15286,8250.0,0.026876585608385017,False
15286,8750.0,0.06367973542652461,False
15286,9250.0,0.157740757738686,True
15286,9750.0,0.073547490161181,True
15286,10250.0,0.09630360398386828,True
15286,10750.0,0.07601593408774976,True
15286,11250.0,0.08407992072940385,True
15286,11750.0,0.1479506659539951,True
15286,12250.0,0.09627382959922359,True
15286,12750.0,0.0752803641762374,True
15286,13250.0,0.08131436506236622,True
15286,13750.0,0.08430488612765252,True
15286,14750.0,0.09731829232281397,True
15296,250.0,0.10310684413359761,True
15296,750.0,0.13001119836899444,True
15296,1250.0,0.18900396762925964,True
15296,1750.0,0.05490179133397355,False
15296,2250.0,0.036951899196645765,False
15296,2750.0,0.12789697676865752,True
15296,3250.0,0.09820254058987077,True
15296,4250.0,0.11577602205427628,True
15296,4750.0,0.08949246041153969,True
15296,5250.0,0.16310848722777194,True
15296,5750.0,0.08205149143639368,True
15296,6750.0,0.16273482824765906,True
15296,8250.0,0.10779152578876872,True
15296,9750.0,0.11764438083629747,True
15296,10250.0,0.08282952654690368,True
15296,11750.0,0.08528837863807048,True
15296,13250.0,0.11360151464720869,True
15296,13750.0,0.07875336905209762,True
15296,14750.0,0.14437174645545148,True
15350,250.0,0.031718763673340256,False
15350,750.0,0.03899629513073255,False
15350,1250.0,0.022612836384924062,False
15350,1750.0,0.029908487594339395,False
15350,2250.0,0.04081648160510154,False
15350,2750.0,0.03568971508026175,False
15350,3250.0,0.05798276761731258,False
15350,3750.0,0.0560204075446058,False
15350,4250.0,0.0894195772553501,True
15350,4750.0,0.0770393383038912,True
15350,5250.0,0.06266366890774644,False
15350,5750.0,0.09124110328381474,True
15350,6250.0,0.11483162488109588,True
15350,6750.0,0.07882231224614955,True
15350,7250.0,0.11201750980829628,True
15350,7750.0,0.08923786637077469,True
15350,8250.0,0.09067795409952528,True
15350,8750.0,0.1540931647385464,True
15350,9250.0,0.1148151993211648,True
15350,9750.0,0.07966533580527613,True
15350,10250.0,0.057859247011788684,False
15350,10750.0,0.05846048804512427,False
15350,11250.0,0.08269120709756961,True
15350,11750.0,0.0674744881909175,True
15350,12250.0,0.10028279006227048,True
15350,12750.0,0.11434068410340936,True
15350,13250.0,0.07041825947283287,True
15350,13750.0,0.02921487750415297,False
15350,14750.0,0.0940892476045454,True
15796,250.0,0.09140310858899703,True
15796,750.0,0.14145829785975428,True
15796,1750.0,0.09007268500651744,True
15796,3250.0,0.13957691775754344,True
15796,4250.0,0.09063856325248598,True
15796,5250.0,0.10484898652884023,True
15796,5750.0,0.12234812624389035,True
15796,7250.0,0.08424921575217725,True
15796,8750.0,0.06008682609152527,False
15796,10250.0,0.09294252338053788,True
15796,12250.0,0.04999010835271389,False
15796,13250.0,0.04087968049656654,False
15796,13750.0,0.03309413848858189,False
15904,250.0,0.04441983581824083,False
15904,750.0,0.09707504225707297,True
15904,1250.0,0.11424296396359535,True
15904,1750.0,0.1842890901762737,True
15904,2250.0,0.1928510163467434,True
15904,2750.0,0.23904120627190517,True
15904,3250.0,0.20717752019869295,True
15904,3750.0,0.18682682893834923,True
15904,4250.0,0.2625545346489022,True
15904,4750.0,0.18615930333569564,True
15904,5250.0,0.2297418337441841,True
15904,5750.0,0.2463096101363571,True
15904,6250.0,0.23472744176267746,True
15904,6750.0,0.2601672533441264,True
15904,7250.0,0.25242183458578493,True
15904,7750.0,0.22648371840735693,True
15904,8250.0,0.17508048884039717,True
15904,8750.0,0.1152642919406528,True
15904,9250.0,0.05230524844863238,False
15904,9750.0,0.04626208836006085,False
15904,10250.0,0.0726773099293101,True
15904,11250.0,0.07136771045741797,True
15904,11750.0,0.14814546455696198,True
15904,12250.0,0.1246122321064389,True
15904,12750.0,0.15132842523638246,True
15904,13250.0,0.21265952764113116,True
15904,13750.0,0.11190782256242326,True
15904,14250.0,0.0992565626980737,True
15904,14750.0,0.07991346799609444,True
15982,250.0,0.029487084010136222,False
15982,750.0,0.05343905132430837,False
15982,1250.0,0.0855235426556491,True
15982,1750.0,0.05141748982549954,False
15982,2250.0,0.07659441475896145,True
15982,2750.0,0.06434384801526494,False
15982,3250.0,0.05247779370684791,False
15982,3750.0,0.05844776587958456,False
15982,4250.0,0.04214918435527615,False
15982,4750.0,0.04913241264066803,False
15982,5250.0,0.065842703534289,False
15982,5750.0,0.07280977897003926,True
15982,6250.0,0.05242204916654192,False
15982,6750.0,0.05358265730621947,False
15982,7250.0,0.07170654957489342,True
15982,7750.0,0.044092885515292446,False
15982,8250.0,0.05530689958777035,False
15982,8750.0,0.08304956649777107,True
15982,9250.0,0.054899352720271244,False
15982,9750.0,0.09011946511085545,True
15982,10250.0,0.1366971907282828,True
16081,250.0,0.03319029537711771,False
16081,750.0,0.06910629845578575,True
16081,1250.0,0.049324253039905175,False
16081,1750.0,0.032193755997150575,False
16081,2250.0,0.06582767874686879,False
16081,2750.0,0.11414911152182872,True
16081,3250.0,0.07842712946194474,True
16081,3750.0,0.05226316355560834,False
16081,4250.0,0.0781261646026612,True
16081,4750.0,0.06850960346513846,True
16081,5250.0,0.03922580076673676,False
16081,5750.0,0.08925634304474972,True
16081,6250.0,0.07555318480192397,True
16081,6750.0,0.04295348716137237,False
16081,7250.0,0.06731667681719289,True
16081,7750.0,0.11134596057193846,True
16081,8250.0,0.06835592049177053,True
16081,8750.0,0.07756028150920713,True
16081,9250.0,0.0746214137710286,True
16081,9750.0,0.06275573481571839,False
16081,10250.0,0.1007773024239842,True
16081,10750.0,0.08191320728978035,True
16081,11750.0,0.07503004405117641,True
16081,12250.0,0.10322646779890654,True
16081,12750.0,0.04839843726143189,False
16081,13250.0,0.05765216645330962,False
16081,13750.0,0.0628899890344159,False
16081,14250.0,0.040370451572000254,False
16081,14750.0,0.12780167452095692,True
16103,250.0,0.04589078623984855,False
16103,750.0,0.06515892014356406,False
16103,1250.0,0.049991294861364555,False
16103,1750.0,0.04974427565862949,False
16103,2250.0,0.04849964325977418,False
16103,2750.0,0.028490260268648537,False
16103,3250.0,0.03033181703904919,False
16103,3750.0,0.03588614237825838,False
16103,4250.0,0.04832445211199721,False
16103,4750.0,0.04753074602088425,False
16103,5250.0,0.05039290032567978,False
16103,5750.0,0.11193400235765316,True
16103,6250.0,0.07102960190268637,True
16103,6750.0,0.07308818676854556,True
16103,7250.0,0.0788637275443751,True
16103,7750.0,0.07667420600988883,True
16103,8250.0,0.07893738880482082,True
16103,8750.0,0.058960388272058184,False
16103,9250.0,0.06343603912076556,False
16103,9750.0,0.06764778593418819,True
16103,10250.0,0.06262299980025676,False
16103,10750.0,0.08764479474592712,True
16103,11250.0,0.07007711305909758,True
16103,11750.0,0.06930453584130913,True
16103,12250.0,0.0751979202706492,True
16103,12750.0,0.07699020893571684,True
16103,13250.0,0.043100151853209034,False
16103,13750.0,0.0928115849944664,True
16129,250.0,0.02126384140723725,False
16129,750.0,0.021708790556703716,False
16129,1250.0,0.01874867961071791,False
16129,1750.0,0.014391830698816221,False
16129,2250.0,0.01007846627089326,False
16129,2750.0,0.008414141814194975,False
16129,3250.0,0.014633337658678691,False
16129,3750.0,0.017086235005677963,False
16129,4250.0,0.014676896763343716,False
16129,4750.0,0.016448615678956058,False
16129,5250.0,0.021201782417002324,False
16129,5750.0,0.038293738901639784,False
16129,6250.0,0.056490031531233775,False
16129,6750.0,0.050778863590492884,False
16129,7250.0,0.028684244366130596,False
16129,7750.0,0.04445589164000219,False
16129,8250.0,0.07583780498518222,True
16129,8750.0,0.04499124528070353,False
16129,9250.0,0.07134607664541459,True
16129,9750.0,0.06825527299052281,True
16129,10250.0,0.06861017527505431,True
16129,10750.0,0.08381295615953288,True
16129,11250.0,0.14797036045993472,True
16129,11750.0,0.1567803134992729,True
16129,12250.0,0.24659111277999757,True
16129,12750.0,0.2092426020073357,True
16129,13250.0,0.1310339725471541,True
16129,13750.0,0.13153753539598,True
16129,14250.0,0.11559611847398155,True
16175,250.0,0.056045045185603826,False
16175,750.0,0.08536174863974044,True
16175,1250.0,0.060781991295399074,False
16175,1750.0,0.05517184642646433,False
16175,2250.0,0.05618129560315799,False
16175,2750.0,0.07267316367749244,True
16175,3250.0,0.0645141542302734,False
16175,3750.0,0.08866428692814599,True
16175,4250.0,0.1160662183832517,True
16175,4750.0,0.10634743557558357,True
16175,5250.0,0.17257684700462383,True
16175,5750.0,0.16957973986263575,True
16175,6250.0,0.17619029625831018,True
16175,6750.0,0.1635586876997046,True
16175,7250.0,0.17086065823436303,True
16175,7750.0,0.12806600211203012,True
16175,8250.0,0.15202220428643698,True
16175,8750.0,0.1426569955376038,True
16175,9250.0,0.1463121973148076,True
16175,9750.0,0.14308501610599622,True
16175,10250.0,0.1315277570428437,True
16175,10750.0,0.04791805017304873,False
16175,11250.0,0.061418628201868275,False
16175,11750.0,0.04179833249920328,False
16175,12250.0,0.029639805776210615,False
16175,12750.0,0.06780738459398239,True
16175,13250.0,0.07123995640048375,True
16175,13750.0,0.0776599878206683,True
16175,14250.0,0.10554980224539978,True
16181,750.0,0.09690751808101505,True
16181,1750.0,0.04429236657250235,False
16181,2750.0,0.05373027773091943,False
16181,3750.0,0.04582746657791703,False
16181,4750.0,0.060832966252951204,False
16181,5750.0,0.05190700590728481,False
16181,6750.0,0.038258611096197326,False
16181,8250.0,0.060617248855004746,False
16181,9250.0,0.03138874657127344,False
16181,10250.0,0.07172817659110176,True
16181,11250.0,0.05004416464786865,False
16181,12250.0,0.033567412467811364,False
16181,13250.0,0.06904974816455489,True
16273,750.0,0.13103011859061064,True
16273,1750.0,0.14837409066117657,True
16273,2750.0,0.09756545386646742,True
16273,3750.0,0.09516445931433015,True
16273,4250.0,0.06494795766279648,False
16273,4750.0,0.08576088899081769,True
16273,5750.0,0.10458962604661459,True
16273,7750.0,0.09320454212147977,True
16273,8750.0,0.10146326491583624,True
16273,9250.0,0.10010016392302634,True
16273,9750.0,0.11789526487416846,True
16273,10250.0,0.11165089706013354,True
16273,10750.0,0.0948389925393045,True
16273,11750.0,0.13603613690989613,True
16273,12750.0,0.12844866146861,True
16273,13750.0,0.1338389490364147,True
16273,14750.0,0.16044881830013913,True
16278,250.0,0.04726191175399297,False
16278,750.0,0.05175066464022682,False
16278,1250.0,0.09540969268158572,True
16278,1750.0,0.11138043424965316,True
16278,2250.0,0.11022740138886666,True
16278,2750.0,0.12215377956465967,True
16278,3250.0,0.1068856141029415,True
16278,3750.0,0.088241188379925,True
16278,4250.0,0.10576607477001487,True
16278,4750.0,0.1092196960628431,True
16278,5250.0,0.1089820548775986,True
16278,5750.0,0.11385835345031614,True
16278,6250.0,0.19090202296662184,True
16278,6750.0,0.1632375025321109,True
16278,7250.0,0.10055573976736065,True
16278,7750.0,0.10189895856088471,True
16278,8250.0,0.06919033384012119,True
16278,8750.0,0.051517624862390976,False
16278,9250.0,0.06537491034429954,False
16278,9750.0,0.07044339298993085,True
16278,10250.0,0.09020272385764083,True
16278,10750.0,0.0857406715253668,True
16278,11250.0,0.11815615629268095,True
16278,11750.0,0.12343188498918622,True
16278,12250.0,0.06304445439085615,False
16278,12750.0,0.09264254806138905,True
16278,13250.0,0.11598831489477135,True
16278,13750.0,0.12574971835637228,True
16278,14250.0,0.09810398486563954,True
16278,14750.0,0.06179517380988386,False
17672,250.0,0.023586654004913665,False
17672,750.0,0.019756649677726168,False
17672,1250.0,0.04628232794283682,False
17672,1750.0,0.13454994869840609,True
17672,2250.0,0.11783173631457644,True
17672,2750.0,0.10822376988866367,True
17672,3250.0,0.10302328767646918,True
17672,3750.0,0.09731150060212723,True
17672,4250.0,0.0847891025571097,True
17672,4750.0,0.065001618463147,False
17672,5250.0,0.0915345480984815,True
17672,5750.0,0.08063343039357895,True
17672,6250.0,0.09111028887356598,True
17672,6750.0,0.1104192415232812,True
17672,7250.0,0.12642922878422747,True
17672,7750.0,0.1312407323224054,True
17672,8250.0,0.09429817724049738,True
17672,8750.0,0.05264859574800007,False
17672,9250.0,0.06335890000839028,False
17672,9750.0,0.07147486040753148,True
17672,10250.0,0.06495565288399185,False
17672,10750.0,0.09483531796830347,True
17672,11250.0,0.07982882477352904,True
17672,11750.0,0.10881974414949203,True
17672,12250.0,0.1204014545947063,True
17672,12750.0,0.07012173209006378,True
17672,13250.0,0.10969417350633748,True
17672,13750.0,0.11382102936698879,True
17672,14250.0,0.08888786020337491,True
17672,14750.0,0.0677477927133261,True
17880,250.0,0.050411067827718314,False
17880,750.0,0.048697522818874406,False
17880,1250.0,0.06562127660768424,False
17880,1750.0,0.0524454717973033,False
17880,2250.0,0.08325738809648353,True
17880,2750.0,0.0831883894851344,True
17880,3250.0,0.04311616123604556,False
17880,3750.0,0.06577773922084429,False
17880,4250.0,0.054773046569020156,False
17880,4750.0,0.07057767513932989,True
17880,5250.0,0.05254325604744303,False
17880,5750.0,0.13678085013382857,True
17880,6250.0,0.0974635199286289,True
17880,6750.0,0.058847942083436466,False
17880,7750.0,0.06902834525490298,True
17880,8250.0,0.050382770995895054,False
17880,8750.0,0.0425257959220422,False
17880,9250.0,0.0652981962414878,False
17880,9750.0,0.10503253228077569,True
17880,10250.0,0.0738303958605191,True
17880,10750.0,0.059723543637471455,False
17880,11250.0,0.07233479706133283,True
17880,11750.0,0.05491309235862363,False
17880,12250.0,0.07202212357591353,True
17880,12750.0,0.05421187797541349,False
17880,13250.0,0.06554312866751877,False
17880,13750.0,0.1000767029404559,True
17880,14250.0,0.0920234604354413,True
17880,14750.0,0.08423541319050498,True
19937,250.0,0.15564805788452563,True
19937,750.0,0.2345471290808212,True
19937,1250.0,0.31651140502273223,True
19937,1750.0,0.3130217796360468,True
19937,2250.0,0.20521742691888112,True
19937,2750.0,0.2021222481521847,True
19937,3250.0,0.22596316990855736,True
19937,3750.0,0.3087644377027965,True
19937,4250.0,0.23705010796439496,True
19937,4750.0,0.2924636535998888,True
19937,5250.0,0.25067704511923017,True
19937,5750.0,0.32057161275573187,True
19937,6250.0,0.30736824861386447,True
19937,6750.0,0.2532202833348032,True
19937,7250.0,0.17281884936250513,True
19937,7750.0,0.15379018497122976,True
19937,8250.0,0.1618163229017009,True
19937,8750.0,0.1456281193591329,True
19937,9250.0,0.12449970421743228,True
19937,9750.0,0.12091624046935867,True
19937,10250.0,0.1547327148586486,True
19937,10750.0,0.1374318724265875,True
19937,11250.0,0.15219838615355363,True
19937,11750.0,0.19907505569780803,True
19937,12250.0,0.33320130413422544,True
19937,13250.0,0.3611621847903024,True
19937,13750.0,0.2658996323554472,True
19937,14750.0,0.22947705646781102,True
20515,250.0,0.08056046248415649,True
20515,750.0,0.12003580422262017,True
20515,1250.0,0.13812978140669063,True
20515,1750.0,0.1635306814858175,True
20515,2250.0,0.1312219918432196,True
20515,2750.0,0.15509460456878577,True
20515,3250.0,0.09263779062955213,True
20515,3750.0,0.1647810026935954,True
20515,4250.0,0.11387738888182608,True
20515,4750.0,0.12211038579548528,True
20515,5250.0,0.13154176301258325,True
20515,5750.0,0.1579380410205944,True
20515,6250.0,0.17922774725743307,True
20515,6750.0,0.15079212028138,True
20515,7250.0,0.19238804130729736,True
20515,7750.0,0.18207167662327906,True
20515,8250.0,0.1895926005373747,True
20515,8750.0,0.17358548929246242,True
20515,9250.0,0.15902941170859353,True
20515,9750.0,0.2039946575084981,True
20515,10250.0,0.1644981558188432,True
20515,10750.0,0.17107078816512478,True
20515,11250.0,0.0626362318760254,False
20515,11750.0,0.03993718995361428,False
20515,12250.0,0.06895055201099076,True
39474,250.0,0.032283206679429854,False
39474,750.0,0.04687986037002312,False
39474,1250.0,0.037249299756876963,False
39474,1750.0,0.02234765821081619,False
39474,2250.0,0.05188831955145168,False
39474,2750.0,0.04235095442661585,False
39474,3250.0,0.07409009146692025,True
39474,3750.0,0.061415288216866815,False
39474,4250.0,0.06924545608515364,True
39474,4750.0,0.05898522539129569,False
39474,5250.0,0.0633593383267983,False
39474,5750.0,0.08378900929459143,True
39474,6250.0,0.06276932405520563,False
39474,6750.0,0.0471722437300548,False
39474,7250.0,0.059957679283938914,False
39474,7750.0,0.05621624513654222,False
39474,8250.0,0.04792703094410977,False
39474,8750.0,0.04137050614712723,False
39474,9250.0,0.06308969552400101,False
39474,9750.0,0.06298874035295743,False
39474,10250.0,0.06898049315046095,True
39474,10750.0,0.06750734128031466,True
39474,11250.0,0.0848366677559027,True
39474,11750.0,0.08059718252970272,True
39474,12250.0,0.07139543672766546,True
39474,12750.0,0.060668009705789894,False
39474,13250.0,0.19054817052693696,True
39474,13750.0,0.17470162871652795,True
39474,14250.0,0.14310266980381492,True
39474,14750.0,0.17340608691869153,True
40111,250.0,0.023855418747201318,False
40111,750.0,0.03195307393311153,False
40111,1250.0,0.05255215296824334,False
40111,1750.0,0.01341517542741455,False
40111,2250.0,0.04317612264120929,False
40111,2750.0,0.029375895321906542,False
40111,3250.0,0.03784337008836469,False
40111,3750.0,0.022780687863755977,False
40111,4250.0,0.03273528186354424,False
40111,4750.0,0.017391161828380186,False
40111,5250.0,0.013040770729690454,False
40111,5750.0,0.017581457522933608,False
40111,6250.0,0.028757361357188538,False
40111,6750.0,0.06397039000658244,False
40111,7250.0,0.08239181640459359,True
40111,7750.0,0.07660715985500888,True
40111,8250.0,0.09790545194085332,True
40111,8750.0,0.09432244972092674,True
40111,9250.0,0.09163447427688953,True
40111,9750.0,0.07723684050618007,True
40111,10250.0,0.09356041050947406,True
40111,10750.0,0.10768510343523152,True
40111,11250.0,0.12319957033182871,True
40111,11750.0,0.12158801110185014,True
40111,12250.0,0.0798365004282906,True
40111,12750.0,0.07444622868041906,True
40111,13250.0,0.06644263330362521,True
40111,13750.0,0.12203876645951728,True
40111,14250.0,0.18309032014558313,True
40111,14750.0,0.13808887397144876,True
40791,250.0,0.03886234233907371,False
40791,750.0,0.09027678815602358,True
40791,1250.0,0.06331526542895682,False
40791,1750.0,0.10729697039382158,True
40791,2250.0,0.0966988047559636,True
40791,2750.0,0.06912940346267327,True
40791,3250.0,0.08364633287549239,True
40791,4250.0,0.08130883084848839,True
40791,4750.0,0.11133654977047835,True
40791,5250.0,0.14019009682081496,True
40791,5750.0,0.15096057806823704,True
40791,6250.0,0.1428282389576645,True
40791,6750.0,0.1480815704966134,True
40791,7250.0,0.2209744052120839,True
40791,7750.0,0.171147537290826,True
40791,8250.0,0.16621047617197515,True
40791,8750.0,0.23850779798504496,True
40791,9250.0,0.10096455295579143,True
40791,9750.0,0.13575378579512698,True
40791,10250.0,0.19709043361345358,True
40791,11250.0,0.18605890538478942,True
40791,11750.0,0.07278174061471998,True
40791,12250.0,0.10211309382936262,True
40791,13250.0,0.04979161421506717,False
40791,13750.0,0.05799407501470899,False
40791,14250.0,0.03969310679018179,False
40793,250.0,0.028735570667379084,False
40793,750.0,0.0875328032933067,True
40793,1250.0,0.10498564210848915,True
40793,1750.0,0.09815172346069412,True
40793,2250.0,0.10282253004687347,True
40793,2750.0,0.10818094930518973,True
40793,3250.0,0.1040043415595795,True
40793,3750.0,0.0907483812463703,True
40793,4250.0,0.10289240552824719,True
40793,4750.0,0.09572343370672343,True
40793,5250.0,0.1263814061784183,True
40793,5750.0,0.16588772435034627,True
40793,6250.0,0.19080109922217714,True
40793,6750.0,0.15622191629100413,True
40793,7250.0,0.11877600234770713,True
40793,7750.0,0.11427286821343507,True
40793,8250.0,0.09245378931824133,True
40793,8750.0,0.09688169897446897,True
40793,9250.0,0.08859843056549677,True
40793,9750.0,0.10721008468667104,True
40793,10250.0,0.08427462886478443,True
40793,10750.0,0.04823333122088225,False
40793,11250.0,0.08139868221444324,True
40793,11750.0,0.06951966886418792,True
40793,12250.0,0.026883619279734594,False
40793,12750.0,0.04032045873689993,False
40793,13250.0,0.05034273931765143,False
40793,13750.0,0.0614696174115279,False
40793,14250.0,0.1363538768998731,True
40793,14750.0,0.060259641019986265,False
40799,250.0,0.026519912947226443,False
40799,750.0,0.09049614535241934,True
40799,1250.0,0.10145189170753599,True
40799,1750.0,0.13293058319658324,True
40799,2250.0,0.1596119701390375,True
40799,2750.0,0.11386887204529139,True
40799,3250.0,0.11394033148178795,True
40799,3750.0,0.11197383580059084,True
40799,4250.0,0.10705943435920218,True
40799,4750.0,0.10935684894893138,True
40799,5250.0,0.10451601876188499,True
40799,5750.0,0.13369271553970452,True
40799,6250.0,0.17029389993444988,True
40799,6750.0,0.206607491479599,True
40799,7250.0,0.18735794658626204,True
40799,7750.0,0.12205417128590845,True
40799,8250.0,0.07410961761812396,True
40799,8750.0,0.06507891539570299,False
40799,9250.0,0.06289160396775917,False
40799,9750.0,0.08237664335281392,True
40799,10250.0,0.07765753256703345,True
40799,10750.0,0.08986772838777024,True
40799,11250.0,0.07122777940861247,True
40799,11750.0,0.061593095404158804,False
40799,12250.0,0.04855374296682968,False
40799,12750.0,0.034840391494362466,False
40799,13250.0,0.0411581924889457,False
40799,13750.0,0.05978386617988374,False
40799,14250.0,0.12175880036987352,True
40799,14750.0,0.07684788180970692,True
40803,250.0,0.04235919840627966,False
40803,750.0,0.04823616785611695,False
40803,1250.0,0.04641226958136491,False
40803,1750.0,0.04780629020134808,False
40803,2250.0,0.046170423899427604,False
40803,2750.0,0.08400868704551256,True
40803,3250.0,0.12810749046493575,True
40803,3750.0,0.2049144178272666,True
40803,4250.0,0.21711335122165254,True
40803,4750.0,0.27858489015903753,True
40803,5250.0,0.187626406508423,True
40803,5750.0,0.13209371484980448,True
40803,6250.0,0.1452114798571955,True
40803,6750.0,0.12117959177069149,True
40803,7250.0,0.10833891505271342,True
40803,7750.0,0.12114338978436989,True
40803,8250.0,0.10332418130605348,True
40803,8750.0,0.08112886676418585,True
40803,9250.0,0.06299613689538353,False
40803,9750.0,0.05989314325689277,False
40803,10250.0,0.05022899428655481,False
40803,10750.0,0.033638678350732754,False
40803,11250.0,0.03221259116756836,False
40803,11750.0,0.030705246823766075,False
40803,12250.0,0.06494418861053797,False
40803,13250.0,0.05110315431545609,False
40803,14750.0,0.051076007036624294,False
40854,250.0,0.024994371486893208,False
40854,750.0,0.08435658973012572,True
40854,1250.0,0.0980503742441099,True
40854,1750.0,0.09330226828527644,True
40854,2250.0,0.08650183695922697,True
40854,2750.0,0.1221762278007168,True
40854,3250.0,0.11109561502242493,True
40854,3750.0,0.11110837063279244,True
40854,4250.0,0.09342664259509603,True
40854,4750.0,0.12578061682854003,True
40854,5250.0,0.11164217795067666,True
40854,5750.0,0.1358884823053601,True
40854,6250.0,0.14179812762294275,True
40854,6750.0,0.1507755985770578,True
40854,7250.0,0.16120112044133794,True
40854,7750.0,0.14488737225047288,True
40854,8250.0,0.15310699425620733,True
40854,8750.0,0.14835290371273535,True
40854,9250.0,0.1227009809282158,True
40854,9750.0,0.08785535340502859,True
40854,10250.0,0.06462357824205722,False
40854,10750.0,0.06618188917885348,True
40854,11250.0,0.05603905410019294,False
40854,11750.0,0.07099924877737984,True
40854,12250.0,0.0636944670045343,False
40854,12750.0,0.08410198973597494,True
40854,13250.0,0.12910935340093865,True
40854,14250.0,0.07919027941919854,True
40854,14750.0,0.04184990030212732,False
40875,250.0,0.09844598718514064,True
40875,750.0,0.10090109131173164,True
40875,1250.0,0.0871717292524612,True
40875,1750.0,0.14950561210974045,True
40875,2250.0,0.12163436445029352,True
40875,2750.0,0.11233140775535433,True
40875,3250.0,0.13759836825126093,True
40875,3750.0,0.15776183972279134,True
40875,4250.0,0.16617676188185393,True
40875,4750.0,0.1434438064769128,True
40875,5250.0,0.13915505562996633,True
40875,5750.0,0.191029732432626,True
40875,6250.0,0.1439643378358335,True
40875,6750.0,0.1740381804004809,True
40875,7250.0,0.18141122408503363,True
40875,7750.0,0.1565901250884918,True
40875,8250.0,0.15834310431626197,True
40875,8750.0,0.131749781297134,True
40875,9250.0,0.14364251725245558,True
40875,9750.0,0.14233547682663472,True
40875,10250.0,0.18936679102588538,True
40875,10750.0,0.17058050388151114,True
40875,11750.0,0.10334098623847243,True
40875,12250.0,0.07860586852310258,True
40875,12750.0,0.04390122594487722,False
40875,13250.0,0.0480452522653827,False
40875,13750.0,0.0779842586153976,True
40875,14250.0,0.08110653385185596,True
40914,250.0,0.016480670142723586,False
40914,750.0,0.05641661368830153,False
40914,1250.0,0.041888531229467674,False
40914,1750.0,0.05069439137688869,False
40914,2250.0,0.06309660848309484,False
40914,2750.0,0.07064673894054074,True
40914,3250.0,0.0746900893818585,True
40914,3750.0,0.08867207075985384,True
40914,4250.0,0.07735827993443922,True
40914,4750.0,0.0679187769465941,True
40914,5250.0,0.07214914150725682,True
40914,5750.0,0.09698368666148838,True
40914,6250.0,0.07070668339092667,True
40914,6750.0,0.06890961529555839,True
40914,7250.0,0.08073359023558835,True
40914,7750.0,0.07283032086951002,True
40914,8250.0,0.05364827435975017,False
40914,8750.0,0.07312159745937263,True
40914,9250.0,0.06496175503380663,False
40914,9750.0,0.07908797497354136,True
40914,10250.0,0.06044612365832025,False
40914,10750.0,0.04365104304519396,False
40914,11250.0,0.05502499220389989,False
40914,11750.0,0.057587083659038196,False
40914,12250.0,0.08152322113840493,True
40914,12750.0,0.10414435769751718,True
40914,13250.0,0.04366762386487877,False
40914,13750.0,0.01448662697677694,False
40914,14250.0,0.026974603608502123,False
40988,250.0,0.0456988448964315,False
40988,750.0,0.08784823958281907,True
40988,1750.0,0.1003536306391224,True
40988,2250.0,0.13366680776887563,True
40988,2750.0,0.13466297888590684,True
40988,3250.0,0.123704187983676,True
40988,3750.0,0.1311275547208557,True
40988,4250.0,0.13757168988448876,True
40988,4750.0,0.12248375283374346,True
40988,5250.0,0.11629857559018197,True
40988,5750.0,0.12084093500643789,True
40988,6250.0,0.15263196588733963,True
40988,6750.0,0.13371400329909666,True
40988,7250.0,0.1206218429642838,True
40988,7750.0,0.13393362902062567,True
40988,8250.0,0.1298752123763096,True
40988,8750.0,0.09357406488261977,True
40988,9250.0,0.10813117129063232,True
40988,9750.0,0.0802546639686621,True
40988,10250.0,0.06757440677111393,True
40988,10750.0,0.06540927572419752,False
40988,11250.0,0.051381634758149275,False
40988,11750.0,0.08590765424164859,True
40988,12750.0,0.08887777395668994,True
40988,14250.0,0.06478496312106707,False
40992,250.0,0.05518470717973156,False
40992,750.0,0.09538075153043013,True
40992,1250.0,0.10020779669185509,True
40992,1750.0,0.12629793851174553,True
40992,2250.0,0.11262287518438252,True
40992,2750.0,0.1452622550591025,True
40992,3250.0,0.14055392466747585,True
40992,3750.0,0.14571924819332382,True
40992,4250.0,0.14933657732440309,True
40992,4750.0,0.14706248212920747,True
40992,5250.0,0.1197433916991768,True
40992,5750.0,0.1571639399689191,True
40992,6250.0,0.1672988287660997,True
40992,6750.0,0.16562240316213028,True
40992,7250.0,0.13918243106150996,True
40992,7750.0,0.11847488551328311,True
40992,8250.0,0.1175823319153344,True
40992,8750.0,0.06777948027687897,True
40992,9250.0,0.07577884612801933,True
40992,9750.0,0.0958054754826414,True
40992,10250.0,0.09284453757458944,True
40992,10750.0,0.08126711814420573,True
40992,11250.0,0.10361838122873679,True
40992,11750.0,0.07923644046096201,True
40992,12250.0,0.11000723570146209,True
40992,12750.0,0.04320011451098882,False
40992,13250.0,0.059142618585560136,False
48685,250.0,0.00888463017329677,False
48685,750.0,0.011520470664877713,False
48685,1250.0,0.016458059373473555,False
48685,1750.0,0.016188288208255353,False
48685,2250.0,0.021839365583764092,False
48685,3250.0,0.015321250558081312,False
48685,3750.0,0.019322347924794148,False
48685,4250.0,0.014040148758138082,False
48685,4750.0,0.026856722430169233,False
48685,5250.0,0.02217562723822497,False
48685,5750.0,0.022975589604877333,False
48685,6250.0,0.02266247632231444,False
48685,6750.0,0.051622356611600084,False
48685,7250.0,0.030109655223144127,False
48685,7750.0,0.016913327223867736,False
48685,8250.0,0.02442263917958898,False
48685,8750.0,0.03511515117770547,False
48685,9250.0,0.0571886360989593,False
48685,9750.0,0.09567091149889495,True
48685,10250.0,0.11035141104254409,True
48685,10750.0,0.12204925311751125,True
48685,11250.0,0.234669600891253,True
48685,11750.0,0.2676666989821186,True
48685,12250.0,0.2693072893557813,True
48685,12750.0,0.3467009760895876,True
48685,13250.0,0.33275350211545107,True
48685,13750.0,0.4208682330051625,True
48685,14250.0,0.41344922753206226,True
48685,14750.0,0.2293821461594978,True
66703,250.0,0.046984546780389325,False
66703,1250.0,0.0455670587474899,False
66703,1750.0,0.03234376251371485,False
66703,2750.0,0.02273302388600862,False
66703,3750.0,0.03635897166838653,False
66703,4750.0,0.036420354496572216,False
66703,5750.0,0.05604987947747464,False
66703,6750.0,0.057870814502269496,False
66703,7250.0,0.0664644072649887,True
66703,7750.0,0.05519290443306479,False
66703,8250.0,0.06868116816938197,True
66703,8750.0,0.07310716371106563,True
66703,9250.0,0.09923263320729703,True
66703,9750.0,0.16740295516736103,True
66703,10250.0,0.1628333432318929,True
66703,10750.0,0.1501295532078557,True
66703,11250.0,0.20055187620546922,True
66703,11750.0,0.11392289102692277,True
66703,12250.0,0.07397951507419243,True
66703,13250.0,0.10739506315246006,True
66703,14750.0,0.056931863216609147,False
