bin_age,climate_rate_c_per_century,frac_no_analogue,median_veg_rate,abs_climate_rate
14500.0,0.4143634033203057,0.7722960151802657,0.03347569950018083,0.4143634033203057
14000.0,0.3659913773970175,0.7375565610859729,0.031290107099097464,0.3659913773970175
13500.0,0.4004002241654916,0.7221153846153847,0.033602944782318095,0.4004002241654916
13000.0,0.22222273393110756,0.7125,0.03344622329955428,0.22222273393110756
12500.0,-0.00036082874645444464,0.7898936170212766,0.03674538058927958,0.00036082874645444464
12000.0,0.40136480158025734,0.8191489361702127,0.04173463778447638,0.40136480158025734
11500.0,0.27510387073863285,0.8226226660877116,0.04733720340647067,0.27510387073863285
11000.0,0.20696821732955187,0.8051597997689642,0.04542370670131021,0.20696821732955187
10500.0,0.16192305131392004,0.8166170142336975,0.036861738617577036,0.16192305131392004
10000.0,0.15364424272016777,0.8005142165759226,0.037138868511466916,0.15364424272016777
9500.0,0.0720377974076655,0.765426497277677,0.032950986620395445,0.0720377974076655
9000.0,0.03642877752131426,0.7223230490018149,0.028417645112579517,0.03642877752131426
8500.0,-0.00380859375,0.6275862068965516,0.024397715507720262,0.00380859375
8000.0,0.20811834161931983,0.5758620689655172,0.02457157925965626,0.20811834161931983
7500.0,0.05880548650567335,0.5603448275862069,0.027646614802114472,0.05880548650567335
7000.0,0.022684215198864877,0.5511494252873563,0.02234327151283677,0.022684215198864877
6500.0,0.014744096235801862,0.5629629629629629,0.02008425042608534,0.014744096235801862
6000.0,0.034104003906247723,0.580779054916986,0.021617134077301023,0.034104003906247723
5500.0,-0.02269886363636715,0.5948275862068966,0.021467242018535317,0.02269886363636715
5000.0,0.05706520774148203,0.5603448275862069,0.020166913094265663,0.05706520774148203
4500.0,-0.017197265624997727,0.5555555555555556,0.023365807187653256,0.017197265624997727
4000.0,0.027737482244310743,0.5678506375227688,0.020000933010844497,0.027737482244310743
3500.0,0.012469815340909919,0.5467778405879028,0.02172560092160491,0.012469815340909919
3000.0,-7.324218745452527e-06,0.5266702586206897,0.021425607453783274,7.324218745452527e-06
2500.0,-0.02459716796875,0.5163810483870968,0.02026333780995596,0.02459716796875
2000.0,0.028068625710227477,0.5241935483870968,0.022885926718840884,0.028068625710227477
1500.0,-0.013924782492904342,0.47413793103448276,0.021126236969453413,0.013924782492904342
1000.0,0.014829101562497726,0.45851293103448276,0.023374085773227422,0.014829101562497726
500.0,-0.019466441761358057,0.34375,0.02805144256690522,0.019466441761358057
