site_id,bin_age,hellinger,rate_per_century
203,14500.0,0.196490702191998,0.0392981404383996
203,14000.0,0.09156305513731466,0.018312611027462934
203,13500.0,0.13068387465223757,0.026136774930447516
203,13000.0,0.1556776491831151,0.03113552983662302
203,12500.0,0.2334323272045591,0.04668646544091182
203,9500.0,0.11665524648968449,0.023331049297936897
203,9000.0,0.4458989447304683,0.08917978894609366
203,7000.0,0.13316002806838326,0.02663200561367665
203,5500.0,0.14209399298597175,0.02841879859719435
203,5000.0,0.11851368077891017,0.023702736155782035
203,4500.0,0.15092339989883072,0.030184679979766146
203,4000.0,0.06437687930247055,0.01287537586049411
203,3500.0,0.08243908643852836,0.016487817287705674
203,3000.0,0.13307783576148974,0.026615567152297948
203,2500.0,0.10657748634632375,0.02131549726926475
203,2000.0,0.11052756430874874,0.02210551286174975
203,1500.0,0.09009299871455637,0.018018599742911274
203,1000.0,0.11749999135416099,0.023499998270832198
203,500.0,0.12683172140681023,0.025366344281362047
254,14500.0,0.1181576304856746,0.02363152609713492
254,14000.0,0.1404468224099661,0.02808936448199322
254,13500.0,0.034112581202694676,0.006822516240538935
254,13000.0,0.11408462131063747,0.022816924262127496
254,12500.0,0.15151131713889296,0.03030226342777859
254,12000.0,0.14976187930402984,0.029952375860805968
254,11500.0,0.16116395732051375,0.032232791464102746
254,11000.0,0.3495895366627316,0.06991790733254633
254,10500.0,0.30929500858355946,0.06185900171671189
254,4500.0,0.3905024174142128,0.07810048348284257
254,4000.0,0.1597412573482598,0.03194825146965196
254,3500.0,0.0894549130455318,0.01789098260910636
254,3000.0,0.11419771848434913,0.022839543696869826
254,2500.0,0.10118989741600207,0.020237979483200413
254,2000.0,0.17997721815910675,0.03599544363182135
254,1500.0,0.14563167705492314,0.029126335410984625
254,1000.0,0.13943981420408708,0.02788796284081741
254,500.0,0.14767886961387083,0.029535773922774167
260,11500.0,0.2059232214680485,0.041184644293609705
260,11000.0,0.20838357940329794,0.04167671588065959
260,10500.0,0.3840496740449428,0.07680993480898855
260,10000.0,0.2563352903600784,0.051267058072015675
260,8500.0,0.1686749404315437,0.03373498808630874
260,8000.0,0.10377695000352195,0.02075539000070439
260,7500.0,0.12991570774580355,0.025983141549160708
260,7000.0,0.1801045691115168,0.03602091382230336
260,6500.0,0.07326890205578424,0.014653780411156848
260,6000.0,0.08933635163343637,0.017867270326687276
260,5500.0,0.1435783118941251,0.028715662378825016
260,5000.0,0.08547126655800817,0.017094253311601634
260,4500.0,0.11822346374912562,0.023644692749825124
260,4000.0,0.1020658386723463,0.02041316773446926
260,3500.0,0.05335259724596725,0.01067051944919345
260,3000.0,0.12245316946677644,0.024490633893355287
260,2500.0,0.1374058399112293,0.027481167982245862
260,2000.0,0.13273461328144948,0.026546922656289898
260,1500.0,0.09749885789979319,0.01949977157995864
260,1000.0,0.1316898133081829,0.026337962661636585
260,500.0,0.15458657390934658,0.030917314781869314
316,14500.0,0.12151628007988594,0.024303256015977187
316,14000.0,0.24449821038447733,0.04889964207689546
316,13500.0,0.10020473472369806,0.020040946944739613
316,13000.0,0.07447916492816907,0.014895832985633814
316,12500.0,0.260336644958632,0.052067328991726405
316,12000.0,0.2852013897002767,0.057040277940055346
316,11500.0,0.09026238047613967,0.018052476095227935
316,11000.0,0.25660181748370287,0.05132036349674057
316,10500.0,0.17766305435369273,0.03553261087073855
316,10000.0,0.2872634942335752,0.05745269884671505
316,7500.0,0.12686973984193428,0.025373947968386858
316,7000.0,0.11832828424260126,0.023665656848520254
316,6500.0,0.1810407783794968,0.03620815567589936
316,5000.0,0.16872555570673495,0.033745111141346984
316,4500.0,0.09141635811421232,0.018283271622842465
316,4000.0,0.14214349147992866,0.02842869829598573
316,3500.0,0.14300602454037273,0.028601204908074548
316,2000.0,0.12446254482709747,0.02489250896541949
316,1500.0,0.13706271652087104,0.027412543304174208
316,1000.0,0.11687042886613712,0.023374085773227422
367,10500.0,0.16499224319368574,0.032998448638737146
367,10000.0,0.09220270458489684,0.01844054091697937
367,9500.0,0.07013785172778911,0.014027570345557822
367,9000.0,0.042530515613103004,0.0085061031226206
367,8500.0,0.10166798433156052,0.020333596866312104
367,8000.0,0.07419634092028905,0.01483926818405781
367,7500.0,0.03831925150769503,0.007663850301539006
367,7000.0,0.06501454822034494,0.013002909644068989
367,6500.0,0.028894316372694333,0.005778863274538867
367,6000.0,0.059562631241182884,0.011912526248236577
367,3500.0,0.04816932723273228,0.009633865446546456
367,2000.0,0.014687358582968947,0.002937471716593789
367,500.0,0.040509768614025485,0.008101953722805096
490,13500.0,0.09215423998033315,0.01843084799606663
490,13000.0,0.11372176567494287,0.022744353134988574
490,12500.0,0.19387777465601985,0.03877555493120397
490,12000.0,0.16244212535319305,0.03248842507063861
490,11500.0,0.1630319433006736,0.032606388660134725
490,11000.0,0.10193567245038887,0.020387134490077775
490,10500.0,0.47865212130473805,0.0957304242609476
490,10000.0,0.31421830727233674,0.06284366145446735
490,9500.0,0.12280870414953252,0.024561740829906503
490,9000.0,0.08207714335224141,0.016415428670448283
490,8500.0,0.11359587145117443,0.022719174290234886
490,8000.0,0.07444078522373473,0.014888157044746947
490,7500.0,0.08898891952896759,0.017797783905793518
490,7000.0,0.08887719940933148,0.017775439881866296
490,6500.0,0.04705915327806335,0.00941183065561267
490,6000.0,0.07089799167568832,0.014179598335137662
490,5500.0,0.11765554922403623,0.023531109844807246
490,5000.0,0.08234572800517571,0.016469145601035143
490,4500.0,0.06768952361914667,0.013537904723829333
490,4000.0,0.09020501524841142,0.018041003049682282
490,3500.0,0.10902085797299219,0.021804171594598437
490,3000.0,0.12440918187456154,0.02488183637491231
490,2500.0,0.09830216979725402,0.019660433959450805
490,2000.0,0.14392746166008147,0.028785492332016292
490,1500.0,0.09699660136431007,0.019399320272862012
490,1000.0,0.13033779417198404,0.02606755883439681
490,500.0,0.16641321240805507,0.03328264248161101
518,13500.0,0.10412555057555647,0.020825110115111293
518,10500.0,0.09502685929572595,0.01900537185914519
518,9000.0,0.18897624482454617,0.03779524896490923
518,8500.0,0.1797821028053187,0.03595642056106374
518,7000.0,0.2241524173484379,0.04483048346968758
518,5500.0,0.17508275669216655,0.03501655133843331
518,5000.0,0.20299753660856806,0.040599507321713614
518,4500.0,0.16568182082143534,0.033136364164287065
518,4000.0,0.14910061839646704,0.02982012367929341
518,3500.0,0.15205761222988495,0.03041152244597699
518,3000.0,0.10486775827442242,0.020973551654884483
518,2500.0,0.12729948156625548,0.025459896313251094
518,2000.0,0.08868844105618864,0.01773768821123773
518,1500.0,0.07723040081893003,0.015446080163786005
518,1000.0,0.13739099209242375,0.02747819841848475
518,500.0,0.09151217719511182,0.018302435439022362
523,14500.0,0.0686346611989791,0.01372693223979582
523,14000.0,0.09828653533207726,0.019657307066415452
523,13500.0,0.1441614805842656,0.028832296116853118
523,13000.0,0.19496159672364924,0.038992319344729846
523,12500.0,0.08720260436162433,0.017440520872324866
523,12000.0,0.13729809029467138,0.027459618058934272
523,10500.0,0.13771220069302656,0.02754244013860531
523,10000.0,0.23638147523260356,0.047276295046520714
523,9500.0,0.13997173435393695,0.02799434687078739
523,9000.0,0.12297375533410912,0.024594751066821827
523,8500.0,0.251473982653133,0.050294796530626594
523,8000.0,0.13367961995839026,0.02673592399167805
523,7500.0,0.11537347362611639,0.023074694725223277
523,7000.0,0.10207110436500609,0.020414220873001217
523,5500.0,0.12346829601011002,0.024693659202022003
523,4000.0,0.12725397119261808,0.025450794238523616
523,3500.0,0.10415619225863683,0.020831238451727366
539,14500.0,0.1589400709672598,0.03178801419345196
539,14000.0,0.11343880837710474,0.02268776167542095
539,13500.0,0.11885565932053282,0.023771131864106565
539,13000.0,0.16262795663930427,0.032525591327860856
539,12500.0,0.21965080811542048,0.043930161623084094
539,12000.0,0.11984702322747354,0.02396940464549471
539,11500.0,0.09791715086473755,0.01958343017294751
539,11000.0,0.11328150849965186,0.022656301699930374
539,10500.0,0.11514529977518277,0.023029059955036554
539,9000.0,0.2852512509067255,0.0570502501813451
539,8500.0,0.10483408034231954,0.020966816068463907
539,8000.0,0.11061542531349261,0.02212308506269852
539,7500.0,0.10443725508307843,0.020887451016615686
539,7000.0,0.08015902518839797,0.016031805037679595
539,6500.0,0.08203678277791299,0.0164073565555826
539,5000.0,0.0757795034868878,0.015155900697377562
539,4500.0,0.1268508742226032,0.025370174844520636
539,4000.0,0.08471929586833589,0.01694385917366718
539,3500.0,0.09160732488660485,0.01832146497732097
539,3000.0,0.16414139842626171,0.03282827968525234
539,2500.0,0.0899985896768381,0.017999717935367622
539,2000.0,0.08779261034630871,0.017558522069261742
539,500.0,0.12631219039466976,0.02526243807893395
679,11500.0,0.20393797565249216,0.040787595130498434
679,11000.0,0.14094422312087332,0.02818884462417466
679,10500.0,0.29682551373762556,0.05936510274752511
679,10000.0,0.2399578428684535,0.047991568573690704
679,9500.0,0.21417823281694492,0.042835646563388986
679,9000.0,0.19484502633769094,0.03896900526753819
679,8500.0,0.10737820361561619,0.02147564072312324
679,8000.0,0.20572456302361652,0.041144912604723305
679,7500.0,0.19987378472852205,0.03997475694570441
679,7000.0,0.24031904628379988,0.04806380925675998
679,6500.0,0.19115042215276304,0.038230084430552605
679,6000.0,0.22754500033262146,0.045509000066524294
679,5500.0,0.11137645776205303,0.022275291552410606
679,5000.0,0.19697458216878802,0.0393949164337576
679,4500.0,0.16772540499568134,0.033545080999136265
679,4000.0,0.2154513688595809,0.04309027377191618
679,3500.0,0.2794925665350664,0.05589851330701327
679,3000.0,0.15179553956517486,0.03035910791303497
679,2500.0,0.1455944442994394,0.029118888859887882
679,2000.0,0.178564070695047,0.035712814139009404
679,1500.0,0.11907533803188358,0.023815067606376715
679,1000.0,0.08806313044892956,0.01761262608978591
679,500.0,0.12542967730052415,0.025085935460104833
785,14500.0,0.18750358185816982,0.03750071637163396
785,14000.0,0.13354521619760648,0.026709043239521293
785,13500.0,0.12417993708814042,0.024835987417628082
785,13000.0,0.12861616388774436,0.02572323277754887
785,12500.0,0.12276916646470752,0.024553833292941505
785,12000.0,0.1410923516783061,0.02821847033566122
785,11500.0,0.26139937259510554,0.05227987451902111
785,11000.0,0.3811181584812608,0.07622363169625215
785,10500.0,0.1922246698007762,0.03844493396015524
785,10000.0,0.2942932117802076,0.058858642356041525
785,9500.0,0.21110687755933435,0.042221375511866874
785,9000.0,0.15812385659212128,0.031624771318424255
785,8500.0,0.1523254660084981,0.030465093201699624
785,8000.0,0.07916561897824173,0.015833123795648347
785,7500.0,0.15761134320858414,0.031522268641716825
785,7000.0,0.15649674203528297,0.031299348407056594
785,6500.0,0.33481360194031506,0.06696272038806302
785,6000.0,0.07835087263029417,0.015670174526058834
785,5500.0,0.0702987630915961,0.014059752618319222
785,5000.0,0.2322753696861667,0.04645507393723334
785,4500.0,0.13402543094795832,0.026805086189591664
785,4000.0,0.11854624772110871,0.023709249544221742
785,3500.0,0.11278424661094372,0.02255684932218874
785,3000.0,0.08625428939030962,0.017250857878061923
785,2500.0,0.08271200825809642,0.016542401651619285
785,2000.0,0.09358837184285405,0.018717674368570813
785,1500.0,0.0941462212904371,0.018829244258087418
785,1000.0,0.11355604936326133,0.022711209872652266
785,500.0,0.17712276501048776,0.03542455300209755
805,12000.0,0.30733982120584674,0.061467964241169355
805,10500.0,0.27316656626343716,0.05463331325268743
805,10000.0,0.15891310304859077,0.031782620609718155
805,9500.0,0.13305746482097078,0.026611492964194156
805,9000.0,0.08002180586880357,0.016004361173760716
805,8500.0,0.14814030906795908,0.029628061813591816
805,8000.0,0.10817323530777435,0.021634647061554872
805,7500.0,0.0963360076389136,0.019267201527782718
805,7000.0,0.09160564989426476,0.018321129978852952
805,6500.0,0.11343895806981527,0.022687791613963056
805,6000.0,0.1556678812604729,0.031133576252094577
805,5500.0,0.1766865080558666,0.03533730161117332
805,5000.0,0.08101646112924928,0.016203292225849854
805,4500.0,0.15018871475462428,0.030037742950924852
805,4000.0,0.08651803560780506,0.017303607121561013
805,3500.0,0.0911793380103295,0.0182358676020659
805,3000.0,0.15283717177791417,0.030567434355582835
805,2500.0,0.19514433603425976,0.039028867206851954
805,2000.0,0.13127853241697812,0.026255706483395626
805,1500.0,0.11461027579016012,0.022922055158032025
847,12000.0,0.2896565560576243,0.057931311211524866
847,11500.0,0.4906850918007025,0.0981370183601405
847,10000.0,0.24834212429611294,0.049668424859222585
847,9500.0,0.2578144729093882,0.051562894581877634
847,8000.0,0.30645774999605596,0.061291549999211194
847,6500.0,0.2009751089951011,0.04019502179902022
847,3000.0,0.17522464698950654,0.03504492939790131
847,2500.0,0.1303452528824126,0.02606905057648252
847,2000.0,0.17186186912718662,0.03437237382543733
847,1500.0,0.15960834634194843,0.031921669268389685
847,1000.0,0.11601538300260145,0.02320307660052029
847,500.0,0.17837641367435997,0.03567528273487199
860,13500.0,0.1564195483952296,0.03128390967904592
860,12000.0,0.22134638859679245,0.04426927771935849
860,11500.0,0.2709345065987665,0.054186901319753296
860,11000.0,0.16931370624024794,0.03386274124804959
860,10500.0,0.2715383846306846,0.05430767692613692
860,10000.0,0.23507553018195296,0.04701510603639059
860,9500.0,0.17853270306211835,0.03570654061242367
860,9000.0,0.10982020281322771,0.021964040562645542
860,8500.0,0.08726636910414884,0.01745327382082977
860,8000.0,0.12926911212919426,0.02585382242583885
860,7500.0,0.11267807679233695,0.02253561535846739
860,7000.0,0.1974540962674541,0.03949081925349082
860,6500.0,0.12222424758654278,0.024444849517308555
860,6000.0,0.13464821191635543,0.02692964238327109
860,4500.0,0.14579001474378808,0.029158002948757616
860,4000.0,0.1000986127074864,0.02001972254149728
860,3500.0,0.14623653141873344,0.029247306283746687
860,3000.0,0.14045134757203204,0.028090269514406407
860,2500.0,0.11811530105420481,0.023623060210840964
860,2000.0,0.1218220849026622,0.024364416980532443
860,1500.0,0.141384042370839,0.0282768084741678
999,14000.0,0.1776105415708675,0.0355221083141735
999,13500.0,0.21091469828734413,0.042182939657468825
999,13000.0,0.12395701227978626,0.024791402455957248
999,12500.0,0.11641791234547598,0.023283582469095194
999,12000.0,0.12832895755800094,0.02566579151160019
999,10500.0,0.16740960268737348,0.033481920537474695
999,10000.0,0.1049116271742902,0.02098232543485804
999,9500.0,0.12665632065205248,0.025331264130410498
999,9000.0,0.4261323291916576,0.08522646583833153
999,8500.0,0.13628662049138504,0.027257324098277004
999,8000.0,0.19866410848755928,0.039732821697511855
999,7500.0,0.1281932348747978,0.025638646974959562
999,7000.0,0.14431681912479652,0.028863363824959305
999,6500.0,0.11769485926530578,0.023538971853061155
999,5000.0,0.09328518553769803,0.018657037107539607
999,4500.0,0.1651524711287353,0.03303049422574706
999,4000.0,0.0955444493921228,0.01910888987842456
999,3500.0,0.27154071299578736,0.05430814259915748
999,3000.0,0.23214174420225034,0.046428348840450065
999,2500.0,0.113330102633138,0.0226660205266276
999,2000.0,0.10724583172432446,0.021449166344864892
999,1500.0,0.0696897078581261,0.013937941571625222
999,1000.0,0.11769345221880742,0.023538690443761483
999,500.0,0.1208132316937618,0.02416264633875236
1004,14000.0,0.16737849750090414,0.03347569950018083
1004,11500.0,0.10219279085503907,0.020438558171007815
1004,11000.0,0.15874282630876121,0.031748565261752244
1004,10500.0,0.14754788237052732,0.029509576474105466
1004,10000.0,0.3016390653605281,0.06032781307210562
1004,9500.0,0.3037743491360701,0.060754869827214016
1004,9000.0,0.11907219375778758,0.023814438751557514
1004,8500.0,0.2441307396057691,0.04882614792115381
1004,7000.0,0.11337805320582997,0.022675610641165994
1004,6500.0,0.28640359326331805,0.05728071865266361
1004,6000.0,0.3722899977532138,0.07445799955064276
1004,5500.0,0.3016040293519337,0.06032080587038675
1004,3000.0,0.16763458046004506,0.033526916092009015
1153,11000.0,0.15878514752562517,0.03175702950512503
1153,10500.0,0.19653538246862876,0.03930707649372575
1153,10000.0,0.4132022542937358,0.08264045085874716
1153,9500.0,0.17754209123811587,0.03550841824762317
1153,9000.0,0.1111729080549748,0.02223458161099496
1153,8500.0,0.19000056870367443,0.038000113740734885
1153,8000.0,0.19726614358349442,0.03945322871669889
1153,7500.0,0.12782486661409356,0.025564973322818714
1153,7000.0,0.17793054774575562,0.035586109549151125
1153,6500.0,0.13459647233153346,0.02691929446630669
1153,6000.0,0.2270939423552664,0.04541878847105328
1153,5500.0,0.2780798598279881,0.055615971965597616
1153,5000.0,0.18514652053893443,0.03702930410778689
1153,4500.0,0.18684896850504878,0.037369793701009756
1153,4000.0,0.2683389115490549,0.053667782309810994
1153,3500.0,0.17256110794622384,0.03451222158924477
1153,3000.0,0.13588425481442667,0.027176850962885336
1153,2500.0,0.04152977257868731,0.008305954515737462
1153,2000.0,0.059676471275123946,0.01193529425502479
1153,1500.0,0.09433674407123314,0.01886734881424663
1153,1000.0,0.0879916690472159,0.017598333809443183
1153,500.0,0.06862201625484608,0.013724403250969217
1160,14000.0,0.12221334438993932,0.024442668877987864
1160,12500.0,0.07953310236563879,0.01590662047312776
1160,12000.0,0.0641273020107852,0.01282546040215704
1160,11500.0,0.12667245244137157,0.025334490488274315
1160,11000.0,0.2911266943050477,0.05822533886100953
1160,10500.0,0.14755458652435474,0.029510917304870946
1160,10000.0,0.2535331985808104,0.05070663971616208
1160,9500.0,0.20353935093680145,0.040707870187360294
1160,8000.0,0.10937493706650403,0.02187498741330081
1160,6500.0,0.2105170820718658,0.042103416414373165
1160,5000.0,0.06501595191139614,0.013003190382279229
1160,3500.0,0.11061295227279815,0.02212259045455963
1160,2000.0,0.11734482543138733,0.023468965086277466
1160,500.0,0.07664435569095242,0.015328871138190484
1448,14000.0,0.1327004783430375,0.0265400956686075
1448,13500.0,0.10115259250517247,0.020230518501034495
1448,13000.0,0.16079921460845586,0.03215984292169117
1448,12500.0,0.12768041000464334,0.025536082000928665
1448,12000.0,0.11999951106720166,0.02399990221344033
1448,11500.0,0.1678333798971201,0.03356667597942402
1448,11000.0,0.2005443633187367,0.04010887266374734
1448,10500.0,0.2856808048184825,0.057136160963696496
1448,10000.0,0.20262944099055777,0.04052588819811156
1448,9500.0,0.22161112013206613,0.044322224026413226
1448,9000.0,0.11956830369432764,0.023913660738865528
1448,8500.0,0.10593917425915327,0.021187834851830654
1448,8000.0,0.10988160787391194,0.021976321574782385
1448,7500.0,0.14832317165065498,0.029664634330130998
1448,7000.0,0.0945925564571417,0.01891851129142834
1448,6500.0,0.11044797772808322,0.022089595545616646
1448,6000.0,0.16437150956193722,0.032874301912387445
1448,5500.0,0.10541901901682856,0.021083803803365712
1448,5000.0,0.12183030915050543,0.024366061830101086
1448,4500.0,0.17310881263850725,0.034621762527701445
1448,4000.0,0.0999738132072888,0.01999476264145776
1448,3500.0,0.12632326760530996,0.02526465352106199
1448,3000.0,0.11000666752908926,0.02200133350581785
1448,2500.0,0.07984698322231172,0.015969396644462345
1448,2000.0,0.10733491739828384,0.021466983479656768
1448,1500.0,0.08702725227083374,0.01740545045416675
1448,1000.0,0.11163575835724122,0.022327151671448244
1448,500.0,0.0772580431717163,0.015451608634343262
1633,11000.0,0.15856747657854975,0.031713495315709946
1633,10500.0,0.5973507618409499,0.11947015236818997
1633,10000.0,0.21222801892747778,0.042445603785495556
1633,9500.0,0.15198277155159334,0.030396554310318666
1633,9000.0,0.15233026388793525,0.030466052777587047
1633,7500.0,0.18956966183951238,0.03791393236790248
1633,4000.0,0.20793357976034402,0.0415867159520688
1633,3500.0,0.13121230568052814,0.02624246113610563
1633,3000.0,0.13028944652819036,0.02605788930563807
1633,2500.0,0.07804762060270899,0.015609524120541797
1633,1000.0,0.17675049056693562,0.03535009811338712
1633,500.0,0.20016866467475847,0.04003373293495169
1643,2000.0,0.06024343478588911,0.01204868695717782
1643,1500.0,0.09472831232281843,0.018945662464563688
1643,1000.0,0.05651063909291932,0.011302127818583864
1643,500.0,0.19218328566387302,0.0384366571327746
1824,14000.0,0.13220149482879898,0.026440298965759796
1824,13500.0,0.18841336497127173,0.037682672994254346
1824,13000.0,0.18812953088626932,0.037625906177253865
1824,12500.0,0.12590763201960192,0.025181526403920386
1824,12000.0,0.1495874230176931,0.02991748460353862
1824,11500.0,0.25048717113370556,0.05009743422674111
1824,11000.0,0.2679330389769806,0.05358660779539613
1824,10500.0,0.41593848655370796,0.08318769731074159
1824,10000.0,0.22088436556484284,0.04417687311296857
1824,9500.0,0.12157928221506402,0.024315856443012804
1824,9000.0,0.21141523026428946,0.042283046052857896
1824,8500.0,0.12415693304996185,0.024831386609992373
1824,8000.0,0.1068033623704116,0.02136067247408232
1824,7500.0,0.08414283770714415,0.01682856754142883
1824,7000.0,0.060549308371791795,0.012109861674358359
1824,6500.0,0.04411930526277083,0.008823861052554166
1824,6000.0,0.053137273153896346,0.01062745463077927
1824,5500.0,0.05324942131033601,0.010649884262067201
1824,5000.0,0.0972324217366201,0.01944648434732402
1824,4500.0,0.13170730184099208,0.02634146036819842
1824,4000.0,0.18392013083796407,0.03678402616759281
1824,3500.0,0.09064559559546762,0.018129119119093522
1824,3000.0,0.0391255690072435,0.0078251138014487
1824,2500.0,0.04045264264742654,0.008090528529485308
1824,2000.0,0.07210847824404622,0.014421695648809244
1824,1500.0,0.08842693118621964,0.017685386237243927
1824,1000.0,0.040978435394973464,0.008195687078994693
1824,500.0,0.07574670440158383,0.015149340880316766
1961,11000.0,0.2178359298391237,0.043567185967824745
1961,10500.0,0.2365313277508963,0.04730626555017926
1961,10000.0,0.28158353447268836,0.05631670689453767
1961,9500.0,0.46362919365398864,0.09272583873079773
1961,9000.0,0.21294954794722604,0.04258990958944521
1961,8500.0,0.13941045752722533,0.027882091505445065
1961,8000.0,0.08336917663341194,0.016673835326682387
1961,7500.0,0.1274382596337672,0.02548765192675344
1961,7000.0,0.14955287105228154,0.02991057421045631
1961,6500.0,0.19202612784714546,0.03840522556942909
1961,6000.0,0.12183048116884852,0.024366096233769702
1961,5500.0,0.133961652184734,0.026792330436946798
1961,5000.0,0.09936649483893281,0.01987329896778656
1961,4500.0,0.2024350454002686,0.040487009080053725
1961,4000.0,0.10571924530877418,0.021143849061754833
1961,3500.0,0.18013517898849823,0.03602703579769965
1961,3000.0,0.17834776731568563,0.035669553463137126
1961,2500.0,0.13485542186218552,0.02697108437243711
1961,2000.0,0.071857945178895,0.014371589035779
1961,1500.0,0.13051541146403864,0.02610308229280773
1961,1000.0,0.13109532996533355,0.026219065993066712
1961,500.0,0.20702513458790786,0.04140502691758157
1966,11000.0,0.20563536637057306,0.04112707327411461
1966,10500.0,0.3179474585499644,0.0635894917099929
1966,10000.0,0.371730415668881,0.0743460831337762
1966,9500.0,0.20209010519266382,0.04041802103853276
1966,9000.0,0.10992505524267376,0.02198501104853475
1966,8500.0,0.17829453399169304,0.03565890679833861
1966,8000.0,0.14190469035826261,0.028380938071652526
1966,7500.0,0.3081206229609219,0.06162412459218438
1966,7000.0,0.12876693883798346,0.02575338776759669
1966,6500.0,0.12340172121954165,0.024680344243908327
1966,6000.0,0.12306142645874137,0.024612285291748272
1966,5500.0,0.12170932874245986,0.02434186574849197
1966,5000.0,0.09258904582259138,0.018517809164518277
1966,4500.0,0.1133961954958847,0.022679239099176938
1966,4000.0,0.06057701119267945,0.01211540223853589
1966,3500.0,0.25973693551522353,0.05194738710304471
1966,3000.0,0.0961745527489627,0.01923491054979254
1966,2500.0,0.09244525598757299,0.018489051197514598
1966,2000.0,0.10415911594502011,0.02083182318900402
1966,1500.0,0.08987816176108639,0.017975632352217278
1966,1000.0,0.05657569329708854,0.011315138659417707
1966,500.0,0.0829522919596136,0.01659045839192272
2053,11000.0,0.18044708965719414,0.03608941793143883
2053,10500.0,0.1658380393557169,0.03316760787114338
2053,10000.0,0.1844925755193131,0.03689851510386262
2053,9500.0,0.49833622913445397,0.0996672458268908
2053,9000.0,0.16309071108911014,0.03261814221782203
2053,8500.0,0.3136376728741415,0.0627275345748283
2053,8000.0,0.13183857943116611,0.026367715886233222
2053,7500.0,0.1227299274486968,0.02454598548973936
2053,7000.0,0.11513441298375456,0.02302688259675091
2053,6500.0,0.11588586462170809,0.02317717292434162
2053,6000.0,0.12573694962252177,0.025147389924504354
2053,5500.0,0.10545463360092873,0.021090926720185747
2053,5000.0,0.07205626628631838,0.014411253257263676
2053,4500.0,0.10835612315034866,0.021671224630069732
2053,4000.0,0.10203351812359877,0.020406703624719753
2053,3500.0,0.11734137743653372,0.023468275487306747
2053,3000.0,0.15151626340307275,0.030303252680614547
2053,2500.0,0.0778006441589363,0.015560128831787258
2053,2000.0,0.06577620039650717,0.013155240079301434
2053,1500.0,0.17401151432118997,0.034802302864237994
2053,1000.0,0.1457818428288327,0.02915636856576654
2053,500.0,0.10399720395111423,0.020799440790222848
2385,14500.0,0.18969145759042624,0.03793829151808525
2385,14000.0,0.15885052357738624,0.03177010471547725
2385,13500.0,0.16870507537803658,0.03374101507560732
2385,13000.0,0.25014626441942944,0.05002925288388589
2385,12500.0,0.19795476528665837,0.03959095305733167
2385,12000.0,0.4118539173822621,0.08237078347645242
2385,11500.0,0.24661783156908246,0.049323566313816486
2385,11000.0,0.2367984725867205,0.0473596945173441
2385,10500.0,0.316489940781239,0.06329798815624779
2385,9000.0,0.13711317431292708,0.027422634862585418
2385,6500.0,0.14136144788377586,0.02827228957675517
2385,6000.0,0.10879237363833588,0.021758474727667176
2385,5500.0,0.1483410297891611,0.029668205957832226
2385,5000.0,0.09322901447800143,0.018645802895600284
2385,4500.0,0.13647774151538386,0.027295548303076775
2385,4000.0,0.14427316791476139,0.028854633582952274
2385,3500.0,0.1490337172495499,0.029806743449909977
2385,3000.0,0.20617329669045362,0.04123465933809072
2385,2500.0,0.21029242322605426,0.04205848464521086
2385,2000.0,0.11405004319570468,0.022810008639140938
2385,1500.0,0.13899609860972373,0.027799219721944744
2385,1000.0,0.11301182818636164,0.022602365637272328
2385,500.0,0.17480728969066303,0.03496145793813261
2586,11500.0,0.1964530884166583,0.03929061768333166
2586,11000.0,0.20815389664012296,0.04163077932802459
2586,10500.0,0.192537136036672,0.0385074272073344
2586,10000.0,0.14944688920225155,0.02988937784045031
2586,9500.0,0.0911448923113909,0.01822897846227818
2586,9000.0,0.07536654879965873,0.015073309759931748
2586,8500.0,0.13195518047480692,0.026391036094961386
2586,8000.0,0.05950663151265052,0.011901326302530104
2586,7500.0,0.15301872083920273,0.03060374416784055
2586,7000.0,0.12581467301712115,0.02516293460342423
2586,6500.0,0.1481856118553001,0.02963712237106002
2586,6000.0,0.08633581732311418,0.017267163464622835
2586,5500.0,0.18392807537894937,0.036785615075789875
2586,5000.0,0.11148216170067615,0.02229643234013523
2586,4500.0,0.1838604057028551,0.036772081140571025
2586,4000.0,0.13662325359090907,0.02732465071818181
2586,3500.0,0.20825502706073068,0.041651005412146135
2586,3000.0,0.125170441974455,0.025034088394891005
2586,2500.0,0.12109245535503196,0.024218491071006393
2586,2000.0,0.16092335198384788,0.032184670396769574
2586,1500.0,0.17612840224521054,0.035225680449042104
2586,1000.0,0.06276804049622801,0.012553608099245602
2586,500.0,0.09134522110977729,0.018269044221955456
2623,11500.0,0.16745958807958952,0.0334919176159179
2623,11000.0,0.09516558800501979,0.019033117601003957
2623,10500.0,0.10152080215944617,0.020304160431889234
2623,10000.0,0.12248812063678785,0.02449762412735757
2623,9500.0,0.17217001040133065,0.03443400208026613
2623,9000.0,0.27161122202870075,0.054322244405740155
2623,4000.0,0.12541394323779564,0.02508278864755913
2623,500.0,0.10049191756311994,0.020098383512623986
2626,14500.0,0.08777086745348732,0.017554173490697465
2626,14000.0,0.15089615806607737,0.030179231613215476
2626,13500.0,0.19431278358632337,0.03886255671726467
2626,13000.0,0.23986193387515126,0.047972386775030254
2626,12500.0,0.11255737795744244,0.02251147559148849
2626,12000.0,0.11665075140175073,0.023330150280350147
2626,11500.0,0.156686405949282,0.031337281189856396
2626,11000.0,0.15544883880679672,0.03108976776135934
2626,10500.0,0.23542798367711082,0.04708559673542216
2626,10000.0,0.25456099271863103,0.0509121985437262
2626,9500.0,0.13592803662831357,0.027185607325662713
2626,9000.0,0.1590517291964042,0.031810345839280836
2626,8500.0,0.12456086538531906,0.02491217307706381
2626,8000.0,0.0895430358909716,0.01790860717819432
2626,7500.0,0.12758561482235567,0.025517122964471135
2626,7000.0,0.08325718138927321,0.01665143627785464
2626,6500.0,0.06305798825571761,0.012611597651143521
2626,6000.0,0.04103091346385698,0.008206182692771397
2626,5500.0,0.07203893591097425,0.014407787182194851
2626,5000.0,0.07752166133529337,0.015504332267058673
2626,4500.0,0.14895358354313568,0.029790716708627134
2626,4000.0,0.09089251629276694,0.01817850325855339
2626,3500.0,0.10312754110058302,0.020625508220116603
2626,3000.0,0.07363134798868305,0.01472626959773661
2626,2500.0,0.12057175438054989,0.024114350876109976
2626,2000.0,0.05320614030708518,0.010641228061417037
2626,1500.0,0.07591215972092745,0.015182431944185488
2626,1000.0,0.13811172765900828,0.027622345531801654
2626,500.0,0.26983384274911076,0.05396676854982215
2638,8500.0,0.3814841807502236,0.07629683615004472
2638,8000.0,0.30888384018026965,0.06177676803605393
2638,7500.0,0.23315395573307843,0.04663079114661568
2638,7000.0,0.13762794123319114,0.027525588246638227
2638,6500.0,0.07219939953384315,0.01443987990676863
2638,6000.0,0.10524910506995105,0.02104982101399021
2638,5500.0,0.04720924082658461,0.009441848165316923
2638,5000.0,0.07525446902216862,0.015050893804433724
2638,4500.0,0.12561531268686804,0.02512306253737361
2638,4000.0,0.07456784705804952,0.014913569411609904
2638,3500.0,0.05536394610822131,0.011072789221644263
2638,3000.0,0.09344948987486786,0.01868989797497357
2638,2500.0,0.09979520354999083,0.019959040709998165
2638,2000.0,0.11898306455982637,0.023796612911965272
2638,1500.0,0.09659124782301647,0.01931824956460329
2638,1000.0,0.1327110539800579,0.02654221079601158
2638,500.0,0.1048972719416334,0.020979454388326678
2888,11000.0,0.14646543961698716,0.02929308792339743
2888,10500.0,0.12134308343100783,0.024268616686201568
2888,10000.0,0.6216576118976539,0.12433152237953078
2888,8000.0,0.32358113030301744,0.06471622606060348
2888,7500.0,0.19251306658631254,0.038502613317262506
2888,7000.0,0.10100255650388197,0.020200511300776394
2888,5500.0,0.0674176233899625,0.013483524677992501
2888,5000.0,0.14309403830466202,0.02861880766093241
2888,1000.0,0.24011866624043218,0.04802373324808643
2888,500.0,0.1604395789404931,0.03208791578809862
2959,13500.0,0.22920997802850207,0.04584199560570041
2959,13000.0,0.17188805748984695,0.03437761149796939
2959,12500.0,0.2004984033219237,0.04009968066438474
2959,12000.0,0.2331850798265277,0.04663701596530554
2959,11500.0,0.22873047917946634,0.04574609583589327
2959,11000.0,0.21906192937780997,0.04381238587556199
2959,10500.0,0.282031373498807,0.05640627469976141
2959,10000.0,0.23535808494144952,0.047071616988289905
2959,9500.0,0.12484400310501374,0.02496880062100275
2959,9000.0,0.199171084799951,0.0398342169599902
2959,8500.0,0.10691084311201342,0.021382168622402685
2959,8000.0,0.1707295095946763,0.03414590191893526
2959,7500.0,0.2021580596583023,0.04043161193166046
2959,7000.0,0.14565621730411418,0.029131243460822836
2959,6500.0,0.09835985082518225,0.01967197016503645
2959,6000.0,0.07013952614364741,0.014027905228729482
2959,5500.0,0.1090601011342716,0.02181202022685432
2959,5000.0,0.14677236453664075,0.029354472907328146
2959,4500.0,0.08070095103907016,0.01614019020781403
2959,4000.0,0.11021322249741906,0.022042644499483812
2959,3500.0,0.05134532318815537,0.010269064637631074
2959,3000.0,0.05461970807279263,0.010923941614558525
2959,2500.0,0.08227660577874293,0.016455321155748586
2959,2000.0,0.14239171253563968,0.028478342507127934
2959,1500.0,0.12329026834864329,0.02465805366972866
2959,1000.0,0.07993699365443205,0.01598739873088641
2959,500.0,0.09958514297754315,0.019917028595508632
2961,12500.0,0.09930869943327851,0.019861739886655704
2961,12000.0,0.17207585697624975,0.03441517139524995
2961,11500.0,0.22993109717463606,0.04598621943492721
2961,11000.0,0.42646134996162643,0.0852922699923253
2961,10500.0,0.18900964466144868,0.03780192893228974
2961,10000.0,0.1486915960379748,0.02973831920759496
2961,9500.0,0.2966889295733647,0.05933778591467293
2961,9000.0,0.08213341865627573,0.016426683731255144
2961,8500.0,0.16695824735211165,0.03339164947042233
2961,8000.0,0.10787696957561625,0.02157539391512325
2961,7500.0,0.215647094189494,0.043129418837898795
2961,7000.0,0.1069242675612737,0.02138485351225474
2961,5500.0,0.058734872795475776,0.011746974559095156
2961,5000.0,0.12100612032875109,0.024201224065750218
2961,4500.0,0.09264082083162682,0.018528164166325366
2961,4000.0,0.11536770736058356,0.023073541472116713
2961,3500.0,0.11652184133757382,0.023304368267514763
2961,3000.0,0.12613422204116592,0.02522684440823318
2961,2500.0,0.08466347070480464,0.01693269414096093
2961,2000.0,0.19594956172882283,0.03918991234576456
2961,1500.0,0.18251759471509071,0.03650351894301814
2961,1000.0,0.08239141164500548,0.016478282329001098
2961,500.0,0.20483436311648404,0.04096687262329681
3031,11500.0,0.2373031558801502,0.04746063117603004
3031,11000.0,0.245416027361661,0.0490832054723322
3031,10500.0,0.2153867859404734,0.04307735718809468
3031,10000.0,0.45434686522822804,0.0908693730456456
3031,9500.0,0.22040970319253472,0.04408194063850694
3031,9000.0,0.12771291269923116,0.025542582539846228
3031,8500.0,0.1796318705750717,0.03592637411501434
3031,8000.0,0.1886242424617814,0.03772484849235628
3031,7500.0,0.12226469510776701,0.024452939021553405
3031,7000.0,0.16745688450340468,0.033491376900680936
3031,6500.0,0.08739826069685777,0.017479652139371554
3031,6000.0,0.07299313946498384,0.014598627892996768
3031,5500.0,0.06626047217394633,0.013252094434789264
3031,5000.0,0.07553276751212028,0.015106553502424055
3031,4500.0,0.06568504015141502,0.013137008030283004
3031,4000.0,0.029868433035116302,0.00597368660702326
3031,3500.0,0.09152522865872373,0.018305045731744744
3031,3000.0,0.04823239469647431,0.00964647893929486
3031,2500.0,0.05260883664983562,0.010521767329967124
3031,2000.0,0.06820143958704042,0.013640287917408083
3031,1500.0,0.06035751617942268,0.012071503235884535
3031,1000.0,0.07501725238573277,0.015003450477146555
3031,500.0,0.08240609937668188,0.016481219875336375
3035,13000.0,0.16163227376844447,0.032326454753688894
3035,12500.0,0.1030164934091832,0.02060329868183664
3035,12000.0,0.140071414313298,0.028014282862659598
3035,11500.0,0.15368642077684022,0.030737284155368045
3035,11000.0,0.1579199617488683,0.03158399234977366
3035,10500.0,0.2389018552262313,0.04778037104524626
3035,10000.0,0.4227974268451304,0.08455948536902608
3035,9500.0,0.10529370499912309,0.02105874099982462
3035,9000.0,0.07774994287139747,0.015549988574279494
3035,8500.0,0.13341636041660618,0.026683272083321233
3035,8000.0,0.1872067497965332,0.03744134995930664
3035,7500.0,0.11441125705474568,0.022882251410949135
3035,7000.0,0.10849639069183631,0.02169927813836726
3035,6500.0,0.08715677390862482,0.017431354781724966
3035,6000.0,0.09905403524933777,0.019810807049867554
3035,5500.0,0.1083179891924973,0.02166359783849946
3035,5000.0,0.11249565828904137,0.022499131657808275
3035,4500.0,0.10208463338545605,0.02041692667709121
3035,4000.0,0.16115107242492094,0.032230214484984185
3035,3500.0,0.13177975810940745,0.02635595162188149
3035,3000.0,0.14778863036173695,0.029557726072347388
3035,2500.0,0.1429492581796137,0.028589851635922744
3035,2000.0,0.082190165110951,0.0164380330221902
3035,1500.0,0.10415590116614495,0.020831180233228993
3035,1000.0,0.1112895600633838,0.02225791201267676
3035,500.0,0.09664247475266549,0.0193284949505331
3081,13500.0,0.10837024991515513,0.021674049983031025
3081,13000.0,0.14623389098522735,0.029246778197045468
3081,12500.0,0.0970702457893595,0.0194140491578719
3081,12000.0,0.14123046363162123,0.028246092726324244
3081,11500.0,0.13551870618103762,0.027103741236207523
3081,11000.0,0.4238249583979839,0.08476499167959678
3081,10500.0,0.2580359531007587,0.05160719062015175
3081,10000.0,0.16501103117962151,0.0330022062359243
3081,9500.0,0.10104965341533323,0.020209930683066646
3081,9000.0,0.07523601354786305,0.01504720270957261
3081,8500.0,0.19918089890287075,0.03983617978057415
3081,8000.0,0.1074356966039002,0.02148713932078004
3081,7500.0,0.1075013771652174,0.021500275433043482
3081,7000.0,0.09682258989508614,0.01936451797901723
3081,6500.0,0.10249383280265824,0.020498766560531647
3081,6000.0,0.0906113372833483,0.01812226745666966
3081,5500.0,0.09218533184801932,0.018437066369603863
3081,5000.0,0.14154069732873292,0.028308139465746587
3081,4500.0,0.0914773762817799,0.018295475256355984
3081,4000.0,0.061970864753688196,0.012394172950737638
3081,2500.0,0.10306426832684827,0.020612853665369656
3081,2000.0,0.20235289171528534,0.04047057834305707
3081,1500.0,0.15182689116854942,0.030365378233709883
3081,1000.0,0.058891612280429134,0.011778322456085826
3582,13500.0,0.052271179971230125,0.010454235994246025
3582,13000.0,0.0913188073479084,0.01826376146958168
3582,12500.0,0.07321358336551109,0.01464271667310222
3582,12000.0,0.39555646306557835,0.07911129261311567
3582,10500.0,0.16647409624552834,0.03329481924910567
3582,10000.0,0.16204564760775622,0.03240912952155124
3582,8500.0,0.15732918351283418,0.031465836702566835
3582,8000.0,0.1331772549714292,0.02663545099428584
3582,6000.0,0.07113193555554337,0.014226387111108674
3582,2500.0,0.07757577134897964,0.015515154269795928
3831,10000.0,0.18154198661508109,0.03630839732301622
3831,9500.0,0.24622991556003068,0.049245983112006134
3831,8000.0,0.3606299079280104,0.07212598158560207
3831,7500.0,0.1210635000892686,0.02421270001785372
3831,7000.0,0.17866160682267054,0.03573232136453411
3831,6500.0,0.14897676961178793,0.02979535392235759
3831,6000.0,0.13121403070305826,0.02624280614061165
3831,5500.0,0.20668298837345653,0.041336597674691306
3831,5000.0,0.19566006347024467,0.03913201269404893
3831,4500.0,0.12189580119850359,0.024379160239700718
3831,4000.0,0.11579401058460959,0.023158802116921916
3831,2000.0,0.18869390011079865,0.03773878002215973
3831,1500.0,0.18712622007315427,0.037425244014630855
3831,1000.0,0.25402291761216733,0.050804583522433465
3831,500.0,0.1965489043199308,0.039309780863986156
3840,14500.0,0.1854115263351849,0.03708230526703698
3840,14000.0,0.10374654753193377,0.020749309506386752
3840,13500.0,0.16038032096066993,0.032076064192133984
3840,13000.0,0.1732679951545141,0.03465359903090282
3840,11500.0,0.16640929208942665,0.033281858417885335
3840,11000.0,0.16220435388013146,0.032440870776026295
3840,10500.0,0.13217876334524664,0.02643575266904933
3840,10000.0,0.2339510154658183,0.04679020309316366
3840,9500.0,0.2161557292583541,0.04323114585167082
3840,9000.0,0.11407884521016735,0.022815769042033474
3840,8500.0,0.11348020537910143,0.022696041075820284
3840,8000.0,0.08981435288006238,0.017962870576012476
3840,7500.0,0.13458112896337182,0.026916225792674366
3840,7000.0,0.19154341517721296,0.038308683035442596
3840,6500.0,0.10562307709724017,0.021124615419448035
3840,6000.0,0.10910217652264192,0.021820435304528384
3840,5500.0,0.12425426766814276,0.024850853533628554
3840,4000.0,0.13837908279587932,0.02767581655917586
3840,3500.0,0.08363652871088068,0.016727305742176134
3840,3000.0,0.11221057660318076,0.022442115320636155
3840,2500.0,0.12738388674653117,0.025476777349306232
15136,14000.0,0.24699136661330812,0.049398273322661626
15136,13500.0,0.12400068509987953,0.024800137019975906
15136,13000.0,0.10616054774970506,0.02123210954994101
15136,12500.0,0.24936946560176063,0.04987389312035213
15136,12000.0,0.2865718144417562,0.05731436288835125
15136,11500.0,0.4084464780165746,0.08168929560331492
15136,11000.0,0.17834745227982343,0.03566949045596469
15136,10500.0,0.09551133713257617,0.019102267426515235
15136,10000.0,0.1489989655635146,0.02979979311270292
15136,9500.0,0.12050598392062364,0.02410119678412473
15136,9000.0,0.11445564230618933,0.022891128461237868
15136,8500.0,0.08107316514757924,0.01621463302951585
15136,8000.0,0.07864496014638843,0.015728992029277685
15136,7500.0,0.06026983639960615,0.012053967279921229
15136,7000.0,0.10016585943322592,0.020033171886645183
15136,6500.0,0.10126015178210061,0.020252030356420123
15136,6000.0,0.08718488208029893,0.017436976416059784
15136,5500.0,0.12478846908194538,0.024957693816389074
15136,5000.0,0.11068768391437872,0.022137536782875743
15136,4500.0,0.07521161993379136,0.015042323986758272
15136,4000.0,0.11510321580218089,0.023020643160436175
15136,3500.0,0.08898833141069304,0.017797666282138608
15136,3000.0,0.11569087077541039,0.02313817415508208
15136,2500.0,0.07842258422830416,0.01568451684566083
15136,2000.0,0.11675312987486225,0.02335062597497245
15136,1500.0,0.06669100043655465,0.01333820008731093
15136,1000.0,0.05732885265036832,0.011465770530073666
15136,500.0,0.056151946007094555,0.011230389201418911
15142,13500.0,0.15709891995120467,0.03141978399024094
15142,13000.0,0.1269937803903317,0.025398756078066347
15142,12500.0,0.20397378060961596,0.040794756121923195
15142,12000.0,0.3006817810180417,0.06013635620360834
15142,11500.0,0.2923258441402383,0.05846516882804766
15142,11000.0,0.16560796360665295,0.03312159272133059
15142,10500.0,0.14516843857957862,0.029033687715915725
15142,10000.0,0.13256029037685818,0.026512058075371638
15142,9500.0,0.17083336512478545,0.03416667302495709
15142,9000.0,0.5042217515877483,0.10084435031754967
15142,8500.0,0.0940621151766036,0.01881242303532072
15142,8000.0,0.11267060455316254,0.022534120910632508
15142,7500.0,0.09635626834062819,0.019271253668125637
15142,7000.0,0.14169399750381043,0.028338799500762086
15142,6500.0,0.11269872723995047,0.022539745447990096
15142,6000.0,0.11943235930909357,0.023886471861818716
15142,5500.0,0.10061387509266276,0.02012277501853255
15142,5000.0,0.09888938737848013,0.019777877475696027
15142,3500.0,0.10576409084053977,0.021152818168107955
15142,3000.0,0.12059021944725476,0.024118043889450953
15142,500.0,0.15886165921544987,0.031772331843089974
15244,13500.0,0.36946708454556987,0.07389341690911398
15244,13000.0,0.167100307344392,0.033420061468878395
15244,12500.0,0.24630986786616896,0.049261973573233794
15244,11000.0,0.1253559250788404,0.025071185015768084
15244,9500.0,0.303700624917079,0.06074012498341579
15244,9000.0,0.3456334056500915,0.0691266811300183
15244,7500.0,0.2164226896312687,0.04328453792625374
15244,7000.0,0.053086516640512435,0.010617303328102488
15244,6500.0,0.12276502372510062,0.024553004745020125
15244,6000.0,0.15771326754851703,0.03154265350970341
15244,5500.0,0.13838100866030092,0.02767620173206018
15244,5000.0,0.11837639856111315,0.023675279712222632
15244,4500.0,0.2658867870554563,0.05317735741109126
15244,4000.0,0.2496597161081128,0.04993194322162256
15244,3500.0,0.09067486578393404,0.018134973156786808
15244,3000.0,0.15865002883704316,0.031730005767408635
15244,2500.0,0.23176562355784552,0.046353124711569105
15244,2000.0,0.12363258179582381,0.024726516359164764
15244,1500.0,0.09769877936154808,0.01953975587230962
15244,1000.0,0.12675783507490726,0.02535156701498145
15244,500.0,0.15279741605645153,0.030559483211290307
15286,13500.0,0.20989066938130863,0.041978133876261724
15286,13000.0,0.11867830630140666,0.023735661260281333
15286,12500.0,0.2264906050860512,0.045298121017210244
15286,12000.0,0.1685064049526255,0.0337012809905251
15286,11500.0,0.21955450906409013,0.04391090181281802
15286,11000.0,0.176275143214244,0.0352550286428488
15286,10500.0,0.2306689410743781,0.04613378821487562
15286,10000.0,0.18784779133337182,0.037569558266674366
15286,9500.0,0.26848000798739274,0.053696001597478546
15286,9000.0,0.30226925576677305,0.0604538511533546
15286,8500.0,0.18627157827974528,0.037254315655949055
15286,8000.0,0.05708946116930193,0.011417892233860385
15286,7500.0,0.12453779971290878,0.024907559942581755
15286,7000.0,0.16590548184849802,0.033181096369699604
15286,6500.0,0.1415138462632869,0.02830276925265738
15286,6000.0,0.17884185217299062,0.03576837043459812
15296,13500.0,0.19259064055988367,0.03851812811197673
15296,10000.0,0.08952868454849608,0.017905736909699217
15296,5500.0,0.43966761952072514,0.08793352390414502
15296,5000.0,0.5200579053866338,0.10401158107732676
15296,4500.0,0.13484466014697152,0.026968932029394304
15296,3000.0,0.24993598515994558,0.049987197031989124
15296,2500.0,0.17441131462362786,0.03488226292472557
15296,2000.0,0.1409168121501482,0.02818336243002964
15296,1500.0,0.1945923951789114,0.03891847903578228
15296,1000.0,0.20259747314343673,0.04051949462868735
15296,500.0,0.14439779382220772,0.028879558764441544
15350,13500.0,0.1679436355283013,0.033588727105660264
15350,13000.0,0.2853063923801119,0.05706127847602238
15350,12500.0,0.22562525556538854,0.045125051113077706
15350,12000.0,0.14246828889036042,0.028493657778072085
15350,11500.0,0.16502484044739102,0.033004968089478205
15350,11000.0,0.2673876574926768,0.05347753149853536
15350,10500.0,0.1780540920484079,0.03561081840968158
15350,10000.0,0.17430340078579384,0.03486068015715877
15350,9500.0,0.17997700922042414,0.03599540184408483
15350,9000.0,0.11150688507967427,0.02230137701593485
15350,8500.0,0.12271205373111979,0.024542410746223958
15350,8000.0,0.19328312018648955,0.03865662403729791
15350,7500.0,0.07535249176590703,0.015070498353181406
15350,7000.0,0.09812910786748506,0.019625821573497012
15350,6500.0,0.06365330988124356,0.012730661976248711
15350,6000.0,0.08348425192439063,0.016696850384878125
15350,5500.0,0.1094889384114611,0.021897787682292218
15350,5000.0,0.23993307750921952,0.0479866155018439
15350,4500.0,0.06888358245361877,0.013776716490723753
15350,4000.0,0.09515719674126594,0.019031439348253187
15350,3500.0,0.10686823471843479,0.021373646943686958
15350,3000.0,0.09750749963506482,0.019501499927012965
15350,2500.0,0.059441256168742046,0.011888251233748409
15350,2000.0,0.09549863715424713,0.019099727430849426
15350,1500.0,0.0830855691193265,0.0166171138238653
15350,1000.0,0.1167665825929816,0.02335331651859632
15350,500.0,0.10524262486794467,0.021048524973588934
15796,13500.0,0.11147617348444623,0.022295234696889245
15796,5500.0,0.10657534614624792,0.021315069229249584
15796,500.0,0.11383662814374346,0.02276732562874869
15904,14500.0,0.11048568172175724,0.022097136344351447
15904,14000.0,0.13029282313062987,0.026058564626125977
15904,13500.0,0.18994872643145153,0.03798974528629031
15904,13000.0,0.20157836581418634,0.04031567316283727
15904,12500.0,0.12118882959157122,0.024237765918314245
15904,12000.0,0.28881757995516644,0.057763515991033285
15904,11500.0,0.19045929655019464,0.03809185931003893
15904,10000.0,0.12441764412872065,0.024883528825744128
15904,9500.0,0.15803813731859254,0.03160762746371851
15904,9000.0,0.15256617255868773,0.03051323451173755
15904,8500.0,0.2672976057700326,0.05345952115400652
15904,8000.0,0.3007755427348383,0.060155108546967664
15904,7500.0,0.0851924901113771,0.01703849802227542
15904,7000.0,0.0474704446650048,0.00949408893300096
15904,6500.0,0.1263768301764134,0.025275366035282684
15904,6000.0,0.08405532245631557,0.016811064491263114
15904,5500.0,0.11171041231065904,0.022342082462131804
15904,5000.0,0.07355801707389673,0.014711603414779346
15904,4500.0,0.12621824318761285,0.025243648637522573
15904,4000.0,0.11556852962627295,0.02311370592525459
15904,3500.0,0.0547200812758805,0.0109440162551761
15904,3000.0,0.06803634742702233,0.013607269485404467
15904,2500.0,0.08471357940162724,0.01694271588032545
15904,2000.0,0.14433399764496094,0.028866799528992185
15904,1500.0,0.15637813361529787,0.03127562672305958
15904,1000.0,0.12667946038329916,0.025335892076659837
15904,500.0,0.1668332568644576,0.03336665137289152
15982,10000.0,0.13077778078763813,0.026155556157527626
15982,9500.0,0.2203767542003389,0.04407535084006778
15982,9000.0,0.2601129179819359,0.05202258359638718
15982,8500.0,0.37238483866467487,0.07447696773293498
15982,8000.0,0.13151254372139157,0.02630250874427831
15982,7500.0,0.1852687492855485,0.0370537498571097
15982,7000.0,0.13760268188691527,0.027520536377383054
15982,6500.0,0.25505523486231363,0.051011046972462726
15982,6000.0,0.15037195310733487,0.030074390621466975
15982,5500.0,0.12893656162888162,0.025787312325776326
15982,5000.0,0.15349473460847138,0.030698946921694278
15982,4500.0,0.12055286375488382,0.024110572750976764
15982,4000.0,0.1723948576138714,0.034478971522774286
15982,3500.0,0.14370027116361336,0.028740054232722675
15982,3000.0,0.15733965395311444,0.03146793079062289
15982,2500.0,0.16011586098228395,0.03202317219645679
15982,2000.0,0.11633520807253102,0.023267041614506205
15982,1500.0,0.14527840746252213,0.029055681492504426
15982,1000.0,0.1387976574047765,0.0277595314809553
15982,500.0,0.1541766762546519,0.03083533525093038
16081,14500.0,0.2196611769566699,0.04393223539133398
16081,14000.0,0.2352431407393103,0.04704862814786206
16081,13500.0,0.08504429157583014,0.017008858315166027
16081,13000.0,0.3015683645958324,0.060313672919166485
16081,12500.0,0.16223665483397334,0.03244733096679467
16081,12000.0,0.24742067021035388,0.049484134042070776
16081,10500.0,0.3983050058591726,0.07966100117183453
16081,10000.0,0.2096833105668053,0.041936662113361056
16081,9500.0,0.11072541194880384,0.02214508238976077
16081,9000.0,0.16652711853643484,0.033305423707286966
16081,8500.0,0.20410818101461847,0.04082163620292369
16081,8000.0,0.27289474861976576,0.054578949723953156
16081,7500.0,0.11847855243013865,0.02369571048602773
16081,7000.0,0.1455888301911345,0.0291177660382269
16081,6500.0,0.1495075922398811,0.02990151844797622
16081,6000.0,0.09595726829624898,0.019191453659249794
16081,5500.0,0.2631934207305902,0.052638684146118046
16081,5000.0,0.11887787112169171,0.02377557422433834
16081,4500.0,0.11867142098215519,0.023734284196431036
16081,4000.0,0.21793268582535585,0.04358653716507117
16081,3500.0,0.19562532467430685,0.03912506493486137
16081,3000.0,0.12248733260588696,0.024497466521177392
16081,2500.0,0.14732387267963806,0.029464774535927614
16081,2000.0,0.11561316939695335,0.02312263387939067
16081,1500.0,0.06186380854955593,0.012372761709911185
16081,1000.0,0.0792936041771999,0.01585872083543998
16081,500.0,0.18778700393302888,0.03755740078660578
16103,13500.0,0.24945920584907905,0.049891841169815807
16103,13000.0,0.13260993516283906,0.026521987032567813
16103,12500.0,0.1769823965010718,0.03539647930021436
16103,12000.0,0.1415223187091944,0.028304463741838884
16103,11500.0,0.2390100262000507,0.04780200524001014
16103,11000.0,0.22792019075098574,0.045584038150197154
16103,10500.0,0.13132158195208488,0.026264316390416976
16103,10000.0,0.16924143645539283,0.03384828729107857
16103,9500.0,0.14402706642862864,0.02880541328572573
16103,9000.0,0.19765664479648187,0.039531328959296376
16103,8500.0,0.12904998138685514,0.025809996277371027
16103,8000.0,0.1438223224086419,0.02876446448172838
16103,7500.0,0.1949109985914741,0.03898219971829482
16103,7000.0,0.21553358311676127,0.043106716623352255
16103,6500.0,0.15457850851779661,0.030915701703559322
16103,6000.0,0.17249586019809796,0.034499172039619594
16103,5500.0,0.21862660432941397,0.043725320865882794
16103,5000.0,0.14984989696608458,0.029969979393216915
16103,4500.0,0.05398878639559592,0.010797757279119184
16103,4000.0,0.09844261141279095,0.01968852228255819
16103,3500.0,0.07870505303046765,0.015741010606093533
16103,3000.0,0.07985029556705256,0.015970059113410512
16103,2500.0,0.09956910977271131,0.019913821954542263
16103,2000.0,0.056665569550606525,0.011333113910121305
16103,1500.0,0.06346084070010571,0.012692168140021142
16103,1000.0,0.14523622947728462,0.029047245895456923
16103,500.0,0.16488699222045547,0.032977398444091095
16129,14000.0,0.13983990753877185,0.027967981507754366
16129,13500.0,0.21425568713274928,0.042851137426549855
16129,13000.0,0.1520352060438957,0.03040704120877914
16129,12500.0,0.15531546632525295,0.031063093265050593
16129,12000.0,0.18909818955351748,0.037819637910703495
16129,11500.0,0.3030260220987859,0.060605204419757176
16129,11000.0,0.33827100435054397,0.06765420087010879
16129,10500.0,0.12055476688253747,0.024110953376507493
16129,10000.0,0.07005540860262872,0.014011081720525745
16129,9500.0,0.08251403345682287,0.016502806691364575
16129,9000.0,0.12977101205996472,0.025954202411992946
16129,8500.0,0.125102107004391,0.0250204214008782
16129,8000.0,0.12515370628382871,0.02503074125676574
16129,7500.0,0.06141770328371025,0.01228354065674205
16129,7000.0,0.0875096094824483,0.01750192189648966
16129,6500.0,0.09921038021032408,0.019842076042064814
16129,6000.0,0.08958934818285191,0.017917869636570383
16129,5500.0,0.08102659754912384,0.01620531950982477
16129,5000.0,0.03681515352477553,0.007363030704955107
16129,4500.0,0.06356926503444968,0.012713853006889937
16129,4000.0,0.20601579769109413,0.04120315953821883
16129,3500.0,0.06710691558787397,0.013421383117574796
16129,3000.0,0.08428684569827018,0.016857369139654035
16129,2500.0,0.05756335737082119,0.011512671474164238
16129,2000.0,0.08197057936330863,0.01639411587266173
16129,1500.0,0.17444822684033826,0.03488964536806765
16129,1000.0,0.17100128323390112,0.034200256646780225
16129,500.0,0.07303302944826263,0.014606605889652527
16175,14000.0,0.2047200593140021,0.040944011862800424
16175,13500.0,0.12234443375673144,0.02446888675134629
16175,13000.0,0.12752633708297823,0.02550526741659564
16175,12500.0,0.2274061171282793,0.04548122342565586
16175,12000.0,0.14335526124079595,0.028671052248159194
16175,11500.0,0.16861434409314002,0.03372286881862801
16175,11000.0,0.15872920316712602,0.031745840633425206
16175,10500.0,0.3873924803245089,0.07747849606490179
16175,10000.0,0.3495338879316795,0.0699067775863359
16175,9500.0,0.056312929652109794,0.011262585930421959
16175,9000.0,0.07282745197931208,0.014565490395862416
16175,8500.0,0.08446495908539675,0.01689299181707935
16175,8000.0,0.09899733952149921,0.019799467904299844
16175,7500.0,0.13403111122800934,0.026806222245601866
16175,7000.0,0.09393977133710628,0.018787954267421258
16175,6500.0,0.08762501434178249,0.0175250028683565
16175,6000.0,0.05970965909044494,0.011941931818088988
16175,5500.0,0.10390976594961598,0.020781953189923198
16175,5000.0,0.14243777694580126,0.028487555389160254
16175,4500.0,0.09216889221880724,0.018433778443761446
16175,4000.0,0.0766765578621965,0.0153353115724393
16175,3500.0,0.09142159552034707,0.018284319104069413
16175,3000.0,0.12418297415471762,0.024836594830943522
16175,2500.0,0.13520322923245268,0.027040645846490536
16175,2000.0,0.06439979383294606,0.012879958766589211
16175,1500.0,0.05017500424915154,0.010035000849830307
16175,1000.0,0.05088199246610486,0.010176398493220972
16175,500.0,0.1778062446533339,0.035561248930666776
16273,10500.0,0.17996456840474617,0.035992913680949236
16273,10000.0,0.22419794379892868,0.04483958875978574
16273,9500.0,0.10132449436861636,0.020264898873723274
16273,9000.0,0.11734938185011033,0.023469876370022066
16273,4500.0,0.5041699508281913,0.10083399016563827
16273,4000.0,0.4621369438031093,0.09242738876062187
16278,14500.0,0.33154257906794843,0.06630851581358968
16278,14000.0,0.20223839233123542,0.04044767846624708
16278,13500.0,0.17630256229745386,0.03526051245949077
16278,13000.0,0.09130903666876031,0.018261807333752062
16278,12500.0,0.2154457713240281,0.04308915426480562
16278,12000.0,0.12380973357866637,0.024761946715733275
16278,11500.0,0.13193929344809693,0.026387858689619386
16278,11000.0,0.092424610439959,0.018484922087991802
16278,10500.0,0.111222429017882,0.0222444858035764
16278,10000.0,0.11252632093762586,0.022505264187525173
16278,9500.0,0.13538940333109434,0.027077880666218867
16278,9000.0,0.13471625060711953,0.026943250121423908
16278,8500.0,0.26049297661480736,0.05209859532296147
16278,8000.0,0.20853901367067457,0.04170780273413491
16278,7500.0,0.1596292154138041,0.03192584308276082
16278,7000.0,0.12339956297056,0.024679912594112
16278,6500.0,0.07837116592657081,0.015674233185314163
16278,6000.0,0.10281086075598826,0.020562172151197655
16278,5500.0,0.20054051411056348,0.0401081028221127
16278,5000.0,0.09355429727690902,0.0187108594553818
16278,4500.0,0.07866870412921945,0.01573374082584389
16278,4000.0,0.06819790943813257,0.013639581887626515
16278,3500.0,0.08585609023478757,0.017171218046957516
16278,3000.0,0.07704864588462194,0.015409729176924389
16278,2500.0,0.11595308839256388,0.023190617678512774
16278,2000.0,0.11506538293030211,0.02301307658606042
16278,1500.0,0.11215915198426817,0.022431830396853633
16278,1000.0,0.13838992189564067,0.027677984379128138
16278,500.0,0.1378212353293176,0.027564247065863516
17672,14500.0,0.1114021040666704,0.02228042081333408
17672,14000.0,0.1730983686641965,0.0346196737328393
17672,13500.0,0.3822148810084765,0.0764429762016953
17672,13000.0,0.15648584267213256,0.03129716853442651
17672,12500.0,0.28331389324697864,0.05666277864939573
17672,12000.0,0.33311088018490337,0.06662217603698067
17672,11500.0,0.1185589447149282,0.023711788942985642
17672,11000.0,0.1543473616800884,0.03086947233601768
17672,10500.0,0.17950996845234973,0.035901993690469945
17672,10000.0,0.16275685275636848,0.032551370551273696
17672,9500.0,0.1139984710105002,0.02279969420210004
17672,9000.0,0.27482613067040346,0.0549652261340807
17672,8500.0,0.1740647728015044,0.03481295456030088
17672,8000.0,0.135390107469989,0.0270780214939978
17672,7500.0,0.1423693861582661,0.028473877231653223
17672,7000.0,0.10469970477885468,0.020939940955770935
17672,6500.0,0.09886218515362408,0.019772437030724815
17672,6000.0,0.13659753756109894,0.027319507512219784
17672,5500.0,0.12207093057222553,0.024414186114445107
17672,5000.0,0.1293191443538126,0.02586382887076252
17672,4500.0,0.11294103138631953,0.022588206277263906
17672,4000.0,0.11254085645417947,0.022508171290835894
17672,3500.0,0.1135867117423004,0.022717342348460078
17672,3000.0,0.1023587083345862,0.020471741666917242
17672,2500.0,0.12242526797900603,0.02448505359580121
17672,2000.0,0.07323218124929833,0.014646436249859666
17672,1500.0,0.1696159058329247,0.033923181166584944
17672,1000.0,0.18762321551411734,0.03752464310282347
17672,500.0,0.18246071050266935,0.03649214210053387
17880,14500.0,0.12176203645825942,0.024352407291651883
17880,14000.0,0.10081994365848511,0.02016398873169702
17880,13500.0,0.09147305469052225,0.01829461093810445
17880,13000.0,0.09743963872407602,0.019487927744815205
17880,12500.0,0.25041526276916076,0.05008305255383215
17880,12000.0,0.14832143801486705,0.029664287602973412
17880,11500.0,0.13977417475750234,0.027954834951500467
17880,11000.0,0.24729141901140414,0.04945828380228083
17880,10500.0,0.14609133292836135,0.02921826658567227
17880,10000.0,0.5010865878495043,0.10021731756990086
17880,9500.0,0.40657850033565857,0.08131570006713172
17880,9000.0,0.17050191440679663,0.034100382881359324
17880,8500.0,0.19523574607504804,0.03904714921500961
17880,8000.0,0.32100842967080306,0.06420168593416062
17880,6500.0,0.15307105901037155,0.030614211802074312
17880,6000.0,0.13875558340244265,0.027751116680488533
17880,5500.0,0.40288440482444743,0.08057688096488948
17880,5000.0,0.11868752429769902,0.023737504859539803
17880,4500.0,0.11747363532162623,0.023494727064325246
17880,4000.0,0.09248847111245809,0.018497694222491617
17880,3500.0,0.1579757151729071,0.03159514303458142
17880,3000.0,0.1818141498110788,0.03636282996221576
17880,2500.0,0.09743906809662095,0.01948781361932419
17880,2000.0,0.2207143787771636,0.04414287575543272
17880,1500.0,0.1288527722107798,0.02577055444215596
17880,1000.0,0.16880282279472264,0.03376056455894453
17880,500.0,0.10076412892716823,0.020152825785433644
19937,13500.0,0.18206776627182425,0.03641355325436485
19937,12000.0,0.23722416595500148,0.0474448331910003
19937,11500.0,0.2707025336833736,0.05414050673667472
19937,11000.0,0.29378282909662234,0.058756565819324466
19937,10500.0,0.20205749585111754,0.04041149917022351
19937,10000.0,0.13835954616531096,0.027671909233062193
19937,9500.0,0.1457802324886002,0.02915604649772004
19937,9000.0,0.07527006231616676,0.015054012463233351
19937,8500.0,0.09452992038710523,0.018905984077421046
19937,8000.0,0.0959093400879014,0.019181868017580282
19937,7500.0,0.08414053782220977,0.016828107564441953
19937,7000.0,0.18359464360694366,0.03671892872138873
19937,6500.0,0.08435337313259411,0.01687067462651882
19937,6000.0,0.07658082792431074,0.01531616558486215
19937,5500.0,0.14262548346337378,0.028525096692674758
19937,5000.0,0.09720174428404223,0.019440348856808447
19937,4500.0,0.07473430785957848,0.014946861571915696
19937,4000.0,0.10211844840308264,0.020423689680616527
19937,3500.0,0.13421383367340242,0.026842766734680484
19937,3000.0,0.14761189906707048,0.029522379813414098
19937,2500.0,0.07164490340973702,0.014328980681947403
19937,2000.0,0.22786347908388646,0.045572695816777295
19937,1500.0,0.11920389859986809,0.02384077971997362
19937,1000.0,0.14121817269003345,0.028243634538006688
19937,500.0,0.14696608379806655,0.02939321675961331
20515,12000.0,0.24971232440714244,0.04994246488142849
20515,11500.0,0.30776359620568094,0.061552719241136186
20515,11000.0,0.19408206076600273,0.038816412153200544
20515,10500.0,0.11858785486936924,0.023717570973873846
20515,10000.0,0.1581078092181012,0.031621561843620236
20515,9500.0,0.15972548726040345,0.03194509745208069
20515,9000.0,0.08949487174515829,0.017898974349031656
20515,8500.0,0.0836671988055273,0.01673343976110546
20515,8000.0,0.08830795940239347,0.017661591880478694
20515,7500.0,0.08542700134279864,0.017085400268559727
20515,7000.0,0.07954202495107218,0.015908404990214436
20515,6500.0,0.0825981191513491,0.016519623830269822
20515,6000.0,0.08568427575345663,0.017136855150691327
20515,5500.0,0.13601552479598755,0.027203104959197512
20515,5000.0,0.06441762139241365,0.012883524278482732
20515,4500.0,0.07147558300497162,0.014295116600994322
20515,4000.0,0.1246310726362297,0.02492621452724594
20515,3500.0,0.09714092729321519,0.019428185458643037
20515,3000.0,0.09852087885182208,0.019704175770364415
20515,2500.0,0.05462121266566211,0.010924242533132423
20515,2000.0,0.07222196089355404,0.014444392178710809
20515,1500.0,0.07905620538548522,0.015811241077097044
20515,1000.0,0.07595728978188354,0.015191457956376707
20515,500.0,0.15488209168026437,0.03097641833605288
39474,14500.0,0.2188543342324192,0.04377086684648384
39474,14000.0,0.22397833879344356,0.04479566775868871
39474,13500.0,0.33284263710502326,0.06656852742100465
39474,13000.0,0.33868308869538094,0.06773661773907619
39474,12500.0,0.18799062954388499,0.037598125908776994
39474,12000.0,0.24189096388720183,0.04837819277744036
39474,11500.0,0.1586262077851397,0.03172524155702794
39474,11000.0,0.08474746366029132,0.016949492732058265
39474,10500.0,0.1854046795440118,0.037080935908802355
39474,10000.0,0.1290255856078046,0.02580511712156092
39474,9500.0,0.1380175939516499,0.02760351879032998
39474,9000.0,0.11422779121601247,0.022845558243202495
39474,8500.0,0.13221786261557,0.026443572523114
39474,8000.0,0.13369996159607053,0.026739992319214104
39474,7500.0,0.13752034073892014,0.02750406814778403
39474,7000.0,0.11023391473502217,0.022046782947004434
39474,6500.0,0.15870011623907682,0.03174002324781536
39474,6000.0,0.11087154605260373,0.022174309210520746
39474,5500.0,0.08789594784345846,0.017579189568691693
39474,5000.0,0.21952341699475705,0.043904683398951413
39474,4500.0,0.058632915474373076,0.011726583094874616
39474,4000.0,0.12820118298763375,0.025640236597526747
39474,3500.0,0.14124711145093796,0.028249422290187592
39474,3000.0,0.17252796158156067,0.03450559231631213
39474,2500.0,0.12490279271103392,0.024980558542206783
39474,2000.0,0.1042069335974809,0.020841386719496178
39474,1500.0,0.1355623418876801,0.02711246837753602
39474,1000.0,0.13836926190432133,0.02767385238086427
39474,500.0,0.10425957691040696,0.020851915382081393
40111,14500.0,0.07716615741863019,0.015433231483726037
40111,14000.0,0.11283710085485425,0.02256742017097085
40111,13500.0,0.15165351956083586,0.030330703912167172
40111,13000.0,0.076539208430716,0.0153078416861432
40111,12500.0,0.07747025411879313,0.015494050823758628
40111,12000.0,0.08514268844461008,0.017028537688922016
40111,11500.0,0.0693845288936315,0.0138769057787263
40111,11000.0,0.06195515481194627,0.012391030962389254
40111,10500.0,0.24028030559052427,0.04805606111810485
40111,10000.0,0.1563271634930675,0.031265432698613496
40111,9500.0,0.13999772976751704,0.027999545953503405
40111,9000.0,0.060321667411879894,0.01206433348237598
40111,8500.0,0.0736056156018598,0.01472112312037196
40111,8000.0,0.07715785890573705,0.01543157178114741
40111,7500.0,0.1320739995741927,0.02641479991483854
40111,7000.0,0.0760645033574595,0.0152129006714919
40111,6500.0,0.17326252110970064,0.03465250422194013
40111,6000.0,0.0786123293489318,0.01572246586978636
40111,5500.0,0.08197822365792258,0.016395644731584516
40111,5000.0,0.06688290031189158,0.013376580062378317
40111,4500.0,0.07126882843631108,0.014253765687262217
40111,4000.0,0.13485440413118635,0.02697088082623727
40111,3500.0,0.1007653901373914,0.02015307802747828
40111,3000.0,0.07571810563163345,0.015143621126326692
40111,2500.0,0.08466449252354469,0.016932898504708936
40111,2000.0,0.08969515540347077,0.017939031080694154
40111,1500.0,0.10444609384129971,0.020889218768259943
40111,1000.0,0.10062316066397313,0.020124632132794626
40111,500.0,0.08030885334468833,0.016061770668937665
40791,14000.0,0.10213003142417934,0.020426006284835867
40791,13500.0,0.32511298122051946,0.06502259624410389
40791,12000.0,0.1448159114936332,0.028963182298726645
40791,11500.0,0.475202771668967,0.09504055433379341
40791,10000.0,0.2882350125854041,0.05764700251708083
40791,9500.0,0.15858948662692574,0.031717897325385144
40791,9000.0,0.13683533853218918,0.027367067706437837
40791,8500.0,0.12116387463018617,0.02423277492603723
40791,8000.0,0.058918600455516335,0.011783720091103267
40791,7500.0,0.0881583510723809,0.017631670214476182
40791,7000.0,0.11886510280752732,0.023773020561505466
40791,6500.0,0.08059411841812589,0.016118823683625178
40791,6000.0,0.027391985326080125,0.005478397065216026
40791,5500.0,0.04504158838403144,0.009008317676806286
40791,5000.0,0.22256607726756544,0.04451321545351309
40791,4500.0,0.12874044789562183,0.02574808957912437
40791,3000.0,0.07687139877219576,0.015374279754439151
40791,2500.0,0.12249752978125862,0.02449950595625173
40791,2000.0,0.10280366465206435,0.02056073293041287
40791,1500.0,0.1152974820823181,0.023059496416463623
40791,1000.0,0.084207635605329,0.0168415271210658
40791,500.0,0.1924307749663378,0.03848615499326756
40793,14500.0,0.3850042527377029,0.07700085054754058
40793,14000.0,0.17989625489298272,0.03597925097859654
40793,13500.0,0.27884381954531823,0.05576876390906365
40793,13000.0,0.20075874682475991,0.04015174936495198
40793,12500.0,0.167792737486999,0.033558547497399796
40793,12000.0,0.1719593417330312,0.03439186834660624
40793,11500.0,0.5082635024523792,0.10165270049047584
40793,11000.0,0.21459729651789566,0.04291945930357913
40793,10500.0,0.18057546624926796,0.03611509324985359
40793,10000.0,0.11464334007114071,0.022928668014228142
40793,9500.0,0.12375556849026825,0.02475111369805365
40793,9000.0,0.0928846681049066,0.018576933620981322
40793,8500.0,0.03678706536894873,0.007357413073789746
40793,8000.0,0.14410826252177933,0.028821652504355866
40793,7500.0,0.11638699031069408,0.023277398062138816
40793,7000.0,0.0656698009659575,0.0131339601931915
40793,6500.0,0.09726529843550634,0.019453059687101266
40793,6000.0,0.056119082849056645,0.01122381656981133
40793,5500.0,0.07184180766278937,0.014368361532557874
40793,5000.0,0.11582681304272094,0.02316536260854419
40793,4500.0,0.07929198309851748,0.015858396619703497
40793,4000.0,0.08213363100148409,0.016426726200296816
40793,3500.0,0.07711613928475286,0.015423227856950572
40793,3000.0,0.03593758906210148,0.007187517812420297
40793,2500.0,0.03724644232340573,0.007449288464681146
40793,2000.0,0.037491578083474995,0.007498315616694999
40793,1500.0,0.04681649086294554,0.009363298172589109
40793,1000.0,0.03618937353836206,0.007237874707672412
40793,500.0,0.13532776456546666,0.02706555291309333
40799,14500.0,0.28359894432213195,0.05671978886442639
40799,14000.0,0.1664154417661117,0.03328308835322234
40799,13500.0,0.16036356161148319,0.03207271232229664
40799,13000.0,0.232991282287369,0.0465982564574738
40799,12500.0,0.19940645411685873,0.039881290823371746
40799,12000.0,0.29381211526262835,0.058762423052525666
40799,11500.0,0.24079282080173425,0.048158564160346855
40799,11000.0,0.19180510712003015,0.038361021424006034
40799,10500.0,0.14903127228066884,0.029806254456133767
40799,10000.0,0.18306880665752176,0.036613761331504346
40799,9500.0,0.09462793248067183,0.018925586496134367
40799,9000.0,0.05800344854554751,0.011600689709109501
40799,8500.0,0.05723517375995683,0.011447034751991365
40799,8000.0,0.11473685331726755,0.02294737066345351
40799,7500.0,0.17584013114345623,0.035168026228691245
40799,7000.0,0.056239531299157354,0.01124790625983147
40799,6500.0,0.10089775199171654,0.020179550398343307
40799,6000.0,0.07531925434778204,0.015063850869556408
40799,5500.0,0.10552235819084266,0.02110447163816853
40799,5000.0,0.0897803720942578,0.017956074418851557
40799,4500.0,0.06265315837664469,0.012530631675328937
40799,4000.0,0.06107310053763392,0.012214620107526785
40799,3500.0,0.0814689963314984,0.016293799266299678
40799,3000.0,0.04610614066568483,0.009221228133136966
40799,2500.0,0.1101311277678917,0.02202622555357834
40799,2000.0,0.13054445617741908,0.026108891235483815
40799,1500.0,0.07297480045027922,0.014594960090055845
40799,1000.0,0.0790620775504279,0.01581241551008558
40799,500.0,0.20679089687108224,0.04135817937421645
40803,12000.0,0.18287471998173033,0.03657494399634607
40803,11500.0,0.20282707107768835,0.04056541421553767
40803,11000.0,0.14114021722327602,0.028228043444655203
40803,10500.0,0.17216402772318962,0.03443280554463792
40803,10000.0,0.11748221985110546,0.023496443970221093
40803,9500.0,0.07335056536760672,0.014670113073521344
40803,9000.0,0.07003615090855712,0.014007230181711426
40803,8500.0,0.06546063505264824,0.013092127010529647
40803,8000.0,0.14463717058361641,0.028927434116723282
40803,7500.0,0.061688479951716724,0.012337695990343345
40803,7000.0,0.05252367853572045,0.010504735707144091
40803,6500.0,0.060306174914016505,0.012061234982803301
40803,6000.0,0.10112678245664444,0.02022535649132889
40803,5500.0,0.15255387440915325,0.03051077488183065
40803,5000.0,0.14920844404674832,0.029841688809349665
40803,4500.0,0.05481597252743047,0.010963194505486095
40803,4000.0,0.032462963716325524,0.006492592743265106
40803,3500.0,0.10055349452965764,0.020110698905931527
40803,3000.0,0.10710126015846097,0.021420252031692195
40803,2500.0,0.07777894189293315,0.015555788378586632
40803,2000.0,0.0674146936967414,0.013482938739348279
40803,1500.0,0.06504522717404398,0.013009045434808795
40803,1000.0,0.04426790265017064,0.008853580530034127
40803,500.0,0.15202618609818955,0.03040523721963791
40854,14500.0,0.2603214484618512,0.05206428969237024
40854,13000.0,0.3021184748975364,0.06042369497950729
40854,12500.0,0.33263534521203464,0.06652706904240693
40854,12000.0,0.3517571641174864,0.07035143282349729
40854,11500.0,0.33550671547077465,0.06710134309415493
40854,11000.0,0.1152940098934708,0.02305880197869416
40854,10500.0,0.11121587222370653,0.022243174444741307
40854,10000.0,0.20901413661560478,0.041802827323120954
40854,9500.0,0.11179061984226708,0.022358123968453415
40854,9000.0,0.2274017307381635,0.045480346147632696
40854,8500.0,0.10567416030536685,0.021134832061073368
40854,8000.0,0.060406259024380834,0.012081251804876167
40854,7500.0,0.061555961998868564,0.012311192399773713
40854,7000.0,0.09554629574829061,0.019109259149658123
40854,6500.0,0.15593458655289458,0.031186917310578915
40854,6000.0,0.07643263855566494,0.015286527711132989
40854,5500.0,0.05094686644719223,0.010189373289438445
40854,5000.0,0.06881906949332126,0.013763813898664252
40854,4500.0,0.07750255488076332,0.015500510976152666
40854,4000.0,0.06734223031555427,0.013468446063110852
40854,3500.0,0.06772463229410561,0.013544926458821122
40854,3000.0,0.024810441305492346,0.004962088261098469
40854,2500.0,0.06258941922905668,0.012517883845811336
40854,2000.0,0.04525540549438714,0.009051081098877428
40854,1500.0,0.04550560938285953,0.009101121876571907
40854,1000.0,0.0410552080393681,0.00821104160787362
40854,500.0,0.13150818371456566,0.02630163674291313
40875,14000.0,0.2080820733144487,0.04161641466288974
40875,13500.0,0.2352722995005115,0.047054459900102305
40875,13000.0,0.2069007690304435,0.0413801538060887
40875,12500.0,0.32046725065103326,0.06409345013020665
40875,12000.0,0.11926803743700497,0.023853607487400993
40875,10500.0,0.3019313299422535,0.0603862659884507
40875,10000.0,0.13080117082652645,0.02616023416530529
40875,9500.0,0.15994835223553316,0.031989670447106634
40875,9000.0,0.20795263123445937,0.04159052624689187
40875,8500.0,0.13026663984233683,0.026053327968467366
40875,8000.0,0.11239666917693071,0.02247933383538614
40875,7500.0,0.10575923363963174,0.02115184672792635
40875,7000.0,0.1164427414463093,0.023288548289261857
40875,6500.0,0.0869898184572524,0.01739796369145048
40875,6000.0,0.1049632441653161,0.020992648833063222
40875,5500.0,0.1003425177329665,0.0200685035465933
40875,5000.0,0.13987976039792752,0.027975952079585503
40875,4500.0,0.07885215402048569,0.015770430804097138
40875,4000.0,0.2028585222584923,0.040571704451698457
40875,3500.0,0.11253158991733223,0.022506317983466445
40875,3000.0,0.18008076739957304,0.03601615347991461
40875,2500.0,0.1032374477451196,0.02064748954902392
40875,2000.0,0.08810088468030661,0.01762017693606132
40875,1500.0,0.08406494022648163,0.016812988045296327
40875,1000.0,0.07349420860510461,0.014698841721020922
40875,500.0,0.11127907443758842,0.022255814887517683
40914,14000.0,0.5070305803263699,0.101406116065274
40914,13500.0,0.23101688391346706,0.046203376782693414
40914,13000.0,0.16741597406453715,0.03348319481290743
40914,12500.0,0.31397356392023806,0.06279471278404762
40914,12000.0,0.2514928933532454,0.05029857867064907
40914,11500.0,0.1188430093921136,0.02376860187842272
40914,11000.0,0.16766110756184344,0.03353222151236868
40914,10500.0,0.17324473670609764,0.034648947341219524
40914,10000.0,0.1562528432849445,0.0312505686569889
40914,9500.0,0.09618422149399132,0.019236844298798263
40914,9000.0,0.09329860786572954,0.018659721573145906
40914,8500.0,0.31599906798358995,0.06319981359671799
40914,8000.0,0.12523547513544941,0.025047095027089884
40914,7500.0,0.09200038272767419,0.018400076545534837
40914,7000.0,0.09186997913989786,0.01837399582797957
40914,6500.0,0.04585088908432713,0.009170177816865426
40914,6000.0,0.10129995699391348,0.020259991398782692
40914,5500.0,0.1627902174342266,0.032558043486845316
40914,5000.0,0.059327977560519406,0.011865595512103881
40914,4500.0,0.09809544908569888,0.019619089817139775
40914,4000.0,0.08232557424945064,0.016465114849890126
40914,3500.0,0.0722046193649674,0.01444092387299348
40914,3000.0,0.06827057664057276,0.01365411532811455
40914,2500.0,0.06922207822530171,0.013844415645060344
40914,2000.0,0.047472418190258985,0.009494483638051797
40914,1500.0,0.09047005930099396,0.01809401186019879
40914,1000.0,0.07413667734074263,0.014827335468148526
40914,500.0,0.1875561577726039,0.037511231554520776
40988,11500.0,0.3215208904857151,0.064304178097143
40988,11000.0,0.19168847162359498,0.038337694324719
40988,10500.0,0.12100877238305954,0.02420175447661191
40988,10000.0,0.06677692694799091,0.013355385389598183
40988,9500.0,0.12430738359434139,0.024861476718868278
40988,9000.0,0.1417740853471087,0.02835481706942174
40988,8500.0,0.10148944506679788,0.020297889013359577
40988,8000.0,0.16729617221600093,0.03345923444320018
40988,7500.0,0.09167130228909007,0.018334260457818014
40988,7000.0,0.07963094745066913,0.015926189490133826
40988,6500.0,0.09114544066474713,0.018229088132949427
40988,6000.0,0.13144586293600619,0.026289172587201235
40988,5500.0,0.0798291807784315,0.0159658361556863
40988,5000.0,0.162296359059938,0.0324592718119876
40988,4500.0,0.04787776952972394,0.009575553905944788
40988,4000.0,0.08137424784654611,0.016274849569309222
40988,3500.0,0.088519497202078,0.0177038994404156
40988,3000.0,0.098044761671465,0.019608952334293002
40988,2500.0,0.045176454630468314,0.009035290926093661
40988,2000.0,0.10139880467048676,0.020279760934097352
40988,500.0,0.20010932613696233,0.04002186522739247
40992,13000.0,0.40579467635733324,0.08115893527146664
40992,12500.0,0.4608698113103769,0.09217396226207539
40992,12000.0,0.3305473976576796,0.06610947953153593
40992,11500.0,0.10009730592669909,0.02001946118533982
40992,11000.0,0.12035265856030947,0.02407053171206189
40992,10500.0,0.13182758112037363,0.026365516224074726
40992,10000.0,0.13262724106382556,0.026525448212765115
40992,9500.0,0.10077518164267363,0.020155036328534725
40992,9000.0,0.10856093776714873,0.021712187553429747
40992,8500.0,0.1440427784081443,0.02880855568162886
40992,8000.0,0.12718431878200273,0.025436863756400547
40992,7500.0,0.15077849311245856,0.030155698622491713
40992,7000.0,0.1122095790815607,0.022441915816312143
40992,6500.0,0.11522251383351592,0.023044502766703185
40992,6000.0,0.08395641414348193,0.016791282828696387
40992,5500.0,0.14971714256156995,0.02994342851231399
40992,5000.0,0.09767069909993088,0.019534139819986175
40992,4500.0,0.06653692280631127,0.013307384561262254
40992,4000.0,0.14467106098137114,0.028934212196274227
40992,3500.0,0.0905347955892414,0.018106959117848282
40992,3000.0,0.07871032556630159,0.015742065113260317
40992,2500.0,0.09467293313823001,0.018934586627646
40992,2000.0,0.08722842411448839,0.017445684822897677
40992,1500.0,0.07802834067782,0.015605668135564
40992,1000.0,0.0978981418680346,0.01957962837360692
40992,500.0,0.11396994340839628,0.022793988681679256
48685,14500.0,0.23451447746515172,0.04690289549303034
48685,14000.0,0.16259160229045558,0.03251832045809112
48685,13500.0,0.19150308157242424,0.038300616314484844
48685,13000.0,0.13556618493460412,0.027113236986920822
48685,12500.0,0.21061826134293096,0.04212365226858619
48685,12000.0,0.24566371380201676,0.04913274276040335
48685,11500.0,0.26928815980783494,0.05385763196156699
48685,11000.0,0.18015481478162032,0.03603096295632406
48685,10500.0,0.11255041019766497,0.022510082039532996
48685,10000.0,0.06564151585405381,0.013128303170810762
48685,9500.0,0.13609528036769997,0.027219056073539992
48685,9000.0,0.10278720193311822,0.020557440386623643
48685,8500.0,0.07141529781095673,0.014283059562191346
48685,8000.0,0.08581999588532059,0.01716399917706412
48685,7500.0,0.11592324445297024,0.02318464889059405
48685,7000.0,0.07987377481060658,0.015974754962121317
48685,6500.0,0.09981839290944798,0.019963678581889594
48685,6000.0,0.1130765128749022,0.022615302574980442
48685,5500.0,0.050057077808279955,0.01001141556165599
48685,5000.0,0.10926609794732006,0.021853219589464012
48685,4500.0,0.10554128310935416,0.021108256621870835
48685,4000.0,0.09002034478123076,0.018004068956246153
48685,3500.0,0.09013303911503012,0.018026607823006024
48685,2000.0,0.10366040869896972,0.020732081739793944
48685,1500.0,0.08847654643408834,0.017695309286817666
48685,1000.0,0.14296571642667558,0.028593143285335115
48685,500.0,0.06068016835325853,0.012136033670651707
66703,12000.0,0.1418416820372018,0.02836833640744036
66703,11500.0,0.27400711522994964,0.05480142304598993
66703,11000.0,0.10265935051945647,0.020531870103891296
66703,10500.0,0.0408982717087623,0.008179654341752461
66703,10000.0,0.05451449906683328,0.010902899813366656
66703,9500.0,0.14572207062736914,0.02914441412547383
66703,9000.0,0.10292147629469363,0.020584295258938724
66703,8500.0,0.05924141354234466,0.011848282708468933
66703,8000.0,0.14297137865728254,0.02859427573145651
66703,7500.0,0.14612408290256268,0.029224816580512538
66703,7000.0,0.09946934337731458,0.019893868675462917
66703,1500.0,0.11152934797487916,0.02230586959497583
